{

 "ㄅㄚ" : [{"把" : 1510}, {"八" : 692}, {"巴" : 585}, {"爸" : 415}, {"吧" : 389}, {"拔" : 265}, {"罷" : 222}, {"霸" : 147}, {"靶" : 33}, {"跋" : 33}, {"叭" : 27}, {"壩" : 21}, {"芭" : 21}, {"扒" : 20}, {"疤" : 12}],

 "ㄅㄛ" : [{"波" : 527}, {"博" : 502}, {"播" : 337}, {"伯" : 236}, {"撥" : 145}, {"剝" : 109}, {"玻" : 91}, {"薄" : 86}, {"柏" : 79}, {"駁" : 78}, {"搏" : 56}, {"蔔" : 51}, {"勃" : 50}, {"卜" : 38}, {"帛" : 27}, {"脖" : 27}, {"跛" : 21}, {"箔" : 19}, {"缽" : 16}, {"泊" : 15}, {"舶" : 12}, {"礴" : 7}, {"簸" : 7}, {"檗" : 6}],

 "ㄅㄞ" : [{"白" : 1409}, {"百" : 1144}, {"敗" : 503}, {"拜" : 271}, {"擺" : 249}, {"柏" : 85}, {"擘" : 13}, {"掰" : 10}, {"捭" : 7}],

 "ㄅㄟ" : [{"北" : 2684}, {"被" : 2584}, {"備" : 933}, {"背" : 652}, {"倍" : 443}, {"輩" : 253}, {"悲" : 234}, {"貝" : 187}, {"杯" : 180}, {"卑" : 126}, {"碑" : 61}, {"盃" : 33}, {"悖" : 28}, {"憊" : 18}, {"狽" : 17}, {"焙" : 16}, {"揹" : 14}, {"鋇" : 7}],

 "ㄅㄠ" : [{"保" : 2311}, {"報" : 2215}, {"包" : 1269}, {"寶" : 423}, {"抱" : 422}, {"暴" : 397}, {"爆" : 373}, {"胞" : 207}, {"薄" : 189}, {"飽" : 165}, {"堡" : 96}, {"豹" : 64}, {"褒" : 19}, {"苞" : 15}, {"葆" : 11}, {"鮑" : 10}, {"雹" : 7}, {"孢" : 6}],

 "ㄅㄢ" : [{"辦" : 1104}, {"班" : 1095}, {"半" : 1033}, {"版" : 579}, {"板" : 538}, {"般" : 499}, {"伴" : 439}, {"闆" : 220}, {"搬" : 150}, {"扮" : 140}, {"斑" : 128}, {"頒" : 37}, {"拌" : 32}, {"阪" : 27}, {"瓣" : 24}, {"扳" : 22}, {"絆" : 19}, {"瘢" : 10}, {"坂" : 7}],

 "ㄅㄣ" : [{"本" : 3956}, {"奔" : 121}, {"笨" : 58}, {"苯" : 36}],

 "ㄅㄤ" : [{"幫" : 692}, {"棒" : 338}, {"邦" : 305}, {"榜" : 119}, {"綁" : 101}, {"傍" : 46}, {"膀" : 32}, {"蚌" : 26}, {"磅" : 24}, {"謗" : 23}, {"梆" : 18}, {"鎊" : 11}],

 "ㄅㄥ" : [{"崩" : 132}, {"繃" : 37}, {"泵" : 35}, {"蹦" : 25}, {"迸" : 14}],

 "ㄅㄧ" : [{"比" : 2110}, {"必" : 1387}, {"筆" : 556}, {"避" : 479}, {"畢" : 450}, {"幣" : 325}, {"鼻" : 221}, {"閉" : 209}, {"壁" : 202}, {"彼" : 174}, {"逼" : 174}, {"弊" : 114}, {"臂" : 97}, {"碧" : 75}, {"蔽" : 60}, {"璧" : 56}, {"斃" : 56}, {"敝" : 50}, {"鄙" : 43}, {"庇" : 22}, {"痺" : 15}, {"婢" : 14}, {"篳" : 11}, {"嗶" : 10}, {"痹" : 7}, {"匕" : 6}, {"蓽" : 6}],

 "ㄅㄧㄝ" : [{"別" : 1635}, {"鱉" : 15}, {"憋" : 9}, {"癟" : 8}, {"彆" : 7}],

 "ㄅㄧㄠ" : [{"表" : 3982}, {"標" : 1028}, {"飆" : 62}, {"錶" : 58}, {"鑣" : 21}, {"彪" : 12}, {"膘" : 8}, {"鏢" : 8}, {"裱" : 6}],

 "ㄅㄧㄢ" : [{"變" : 2050}, {"邊" : 1160}, {"便" : 849}, {"編" : 368}, {"扁" : 223}, {"辯" : 222}, {"遍" : 190}, {"辨" : 107}, {"鞭" : 77}, {"貶" : 54}, {"辮" : 14}, {"蝙" : 8}, {"匾" : 8}],

 "ㄅㄧㄣ" : [{"賓" : 200}, {"瀕" : 35}, {"濱" : 33}, {"彬" : 32}, {"鬢" : 31}, {"斌" : 23}, {"殯" : 18}, {"檳" : 11}, {"繽" : 10}],

 "ㄅㄧㄥ" : [{"並" : 2700}, {"病" : 1345}, {"兵" : 610}, {"冰" : 424}, {"併" : 116}, {"餅" : 107}, {"秉" : 80}, {"炳" : 42}, {"柄" : 40}, {"丙" : 35}, {"稟" : 18}],

 "ㄅㄨ" : [{"不" : 23122}, {"部" : 3296}, {"步" : 1167}, {"布" : 1004}, {"補" : 732}, {"佈" : 219}, {"捕" : 200}, {"怖" : 72}, {"簿" : 56}, {"哺" : 36}, {"埔" : 30}, {"埠" : 16}, {"咘" : 9}, {"逋" : 6}],

 "ㄆㄚ" : [{"怕" : 510}, {"爬" : 125}, {"趴" : 47}, {"琶" : 19}, {"啪" : 14}, {"葩" : 11}, {"帕" : 11}],

 "ㄆㄛ" : [{"破" : 810}, {"迫" : 276}, {"婆" : 211}, {"坡" : 131}, {"潑" : 103}, {"魄" : 100}, {"頗" : 91}, {"泊" : 40}, {"珀" : 10}],

 "ㄆㄞ" : [{"排" : 839}, {"派" : 730}, {"牌" : 488}, {"拍" : 386}, {"湃" : 11}, {"徘" : 8}],

 "ㄆㄟ" : [{"配" : 615}, {"陪" : 299}, {"培" : 208}, {"賠" : 139}, {"佩" : 95}, {"胚" : 36}, {"沛" : 30}, {"轡" : 15}, {"珮" : 9}],

 "ㄆㄠ" : [{"跑" : 393}, {"泡" : 170}, {"炮" : 124}, {"拋" : 119}, {"砲" : 65}, {"袍" : 37}, {"刨" : 19}, {"咆" : 10}, {"抛" : 9}, {"庖" : 8}],

 "ㄆㄡ" : [{"剖" : 86}],

 "ㄆㄢ" : [{"判" : 686}, {"盤" : 419}, {"潘" : 108}, {"拚" : 93}, {"盼" : 89}, {"攀" : 81}, {"叛" : 79}, {"蟠" : 19}, {"磐" : 17}, {"槃" : 14}, {"畔" : 9}, {"蹣" : 7}],

 "ㄆㄣ" : [{"噴" : 121}, {"盆" : 85}],

 "ㄆㄤ" : [{"旁" : 299}, {"胖" : 110}, {"龐" : 83}, {"乓" : 6}],

 "ㄆㄥ" : [{"朋" : 669}, {"碰" : 152}, {"蓬" : 84}, {"棚" : 70}, {"捧" : 61}, {"烹" : 58}, {"篷" : 39}, {"膨" : 39}, {"彭" : 35}, {"抨" : 27}, {"鵬" : 25}, {"澎" : 21}, {"砰" : 10}, {"硼" : 7}],

 "ㄆㄧ" : [{"皮" : 597}, {"批" : 556}, {"披" : 124}, {"疲" : 92}, {"脾" : 61}, {"屁" : 58}, {"匹" : 55}, {"闢" : 44}, {"劈" : 40}, {"癖" : 33}, {"僻" : 30}, {"譬" : 26}, {"啤" : 21}, {"琵" : 17}, {"辟" : 14}, {"坯" : 13}, {"痞" : 8}, {"媲" : 8}, {"毗" : 8}, {"霹" : 7}, {"蚍" : 7}, {"羆" : 6}],

 "ㄆㄧㄝ" : [{"撇" : 44}, {"瞥" : 10}],

 "ㄆㄧㄠ" : [{"票" : 1005}, {"飄" : 140}, {"漂" : 116}, {"瓢" : 20}, {"嫖" : 8}, {"剽" : 7}, {"殍" : 7}],

 "ㄆㄧㄢ" : [{"片" : 1123}, {"偏" : 347}, {"篇" : 228}, {"騙" : 167}, {"便" : 85}, {"翩" : 25}, {"駢" : 19}, {"胼" : 7}],

 "ㄆㄧㄣ" : [{"品" : 2013}, {"貧" : 230}, {"頻" : 223}, {"聘" : 167}, {"拼" : 152}, {"牝" : 10}, {"顰" : 8}, {"蠙" : 6}],

 "ㄆㄧㄥ" : [{"平" : 2651}, {"評" : 870}, {"憑" : 141}, {"瓶" : 122}, {"屏" : 113}, {"蘋" : 94}, {"坪" : 42}, {"萍" : 31}, {"娉" : 9}, {"乒" : 8}],

 "ㄆㄨ" : [{"普" : 1467}, {"埔" : 231}, {"鋪" : 149}, {"撲" : 100}, {"譜" : 99}, {"樸" : 66}, {"葡" : 59}, {"曝" : 49}, {"僕" : 43}, {"蒲" : 34}, {"浦" : 33}, {"朴" : 30}, {"瀑" : 26}, {"舖" : 15}, {"菩" : 15}, {"璞" : 14}, {"脯" : 9}, {"溥" : 8}, {"噗" : 7}, {"匍" : 7}, {"仆" : 7}, {"圃" : 6}, {"濮" : 6}],

 "ㄇㄚ" : [{"馬" : 1773}, {"媽" : 1230}, {"嗎" : 939}, {"麻" : 356}, {"碼" : 325}, {"罵" : 205}, {"瑪" : 79}, {"嬤" : 78}, {"嘛" : 76}, {"駡" : 28}, {"螞" : 15}, {"蟆" : 9}],

 "ㄇㄛ" : [{"摩" : 1081}, {"模" : 526}, {"末" : 285}, {"磨" : 269}, {"莫" : 262}, {"默" : 261}, {"墨" : 210}, {"摸" : 147}, {"膜" : 144}, {"魔" : 121}, {"抹" : 112}, {"沒" : 91}, {"陌" : 71}, {"漠" : 56}, {"麽" : 38}, {"沫" : 31}, {"寞" : 26}, {"秣" : 19}, {"摹" : 17}, {"蘑" : 6}, {"謨" : 6}],

 "ㄇㄜ" : [{"麼" : 3152}, {"么" : 13}],

 "ㄇㄞ" : [{"買" : 764}, {"賣" : 624}, {"麥" : 209}, {"脈" : 195}, {"邁" : 158}, {"埋" : 70}, {"霾" : 12}],

 "ㄇㄟ" : [{"美" : 5340}, {"沒" : 4000}, {"每" : 1460}, {"媒" : 631}, {"妹" : 304}, {"眉" : 247}, {"梅" : 215}, {"煤" : 166}, {"昧" : 59}, {"魅" : 52}, {"湄" : 52}, {"媚" : 48}, {"枚" : 46}, {"鎂" : 39}, {"黴" : 37}, {"玫" : 34}, {"袂" : 25}, {"酶" : 20}, {"寐" : 20}, {"楣" : 14}, {"莓" : 6}],

 "ㄇㄠ" : [{"貿" : 857}, {"毛" : 578}, {"貓" : 330}, {"貌" : 221}, {"冒" : 186}, {"矛" : 139}, {"帽" : 120}, {"茅" : 52}, {"茂" : 51}, {"卯" : 20}, {"錨" : 18}, {"髦" : 13}],

 "ㄇㄡ" : [{"某" : 371}, {"謀" : 319}, {"繆" : 25}, {"眸" : 13}, {"牟" : 6}],

 "ㄇㄢ" : [{"滿" : 1252}, {"慢" : 448}, {"漫" : 177}, {"曼" : 133}, {"蠻" : 74}, {"瞞" : 49}, {"蔓" : 37}, {"謾" : 22}, {"幔" : 6}],

 "ㄇㄣ" : [{"們" : 4338}, {"門" : 1882}, {"悶" : 96}, {"捫" : 18}],

 "ㄇㄤ" : [{"忙" : 383}, {"盲" : 107}, {"芒" : 65}, {"茫" : 52}, {"莽" : 25}, {"氓" : 10}, {"蟒" : 6}],

 "ㄇㄥ" : [{"盟" : 585}, {"夢" : 430}, {"蒙" : 152}, {"猛" : 142}, {"孟" : 103}, {"萌" : 33}, {"檬" : 21}, {"錳" : 13}, {"濛" : 11}, {"懵" : 8}, {"朦" : 7}, {"甍" : 6}],

 "ㄇㄧ" : [{"密" : 561}, {"迷" : 380}, {"米" : 373}, {"秘" : 309}, {"蜜" : 109}, {"咪" : 81}, {"靡" : 78}, {"彌" : 67}, {"覓" : 56}, {"獼" : 55}, {"泌" : 48}, {"謎" : 34}, {"祕" : 33}, {"糜" : 19}, {"弭" : 17}, {"醚" : 14}, {"冪" : 12}, {"眯" : 9}, {"瀰" : 9}],

 "ㄇㄧㄝ" : [{"滅" : 213}, {"蔑" : 20}, {"衊" : 9}],

 "ㄇㄧㄠ" : [{"妙" : 177}, {"苗" : 127}, {"描" : 107}, {"廟" : 102}, {"秒" : 93}, {"渺" : 38}, {"瞄" : 22}, {"藐" : 18}, {"喵" : 8}, {"邈" : 7}],

 "ㄇㄧㄡ" : [{"謬" : 82}],

 "ㄇㄧㄢ" : [{"面" : 3619}, {"免" : 734}, {"麵" : 315}, {"緬" : 183}, {"棉" : 129}, {"眠" : 114}, {"勉" : 86}, {"綿" : 82}, {"冕" : 21}],

 "ㄇㄧㄣ" : [{"民" : 6059}, {"閔" : 313}, {"敏" : 192}, {"閩" : 22}, {"憫" : 12}, {"泯" : 9}, {"皿" : 8}, {"抿" : 7}],

 "ㄇㄧㄥ" : [{"名" : 2489}, {"明" : 2436}, {"命" : 1145}, {"鳴" : 206}, {"銘" : 90}, {"冥" : 53}, {"瞑" : 9}, {"茗" : 8}, {"螟" : 6}],

 "ㄇㄨ" : [{"目" : 2024}, {"母" : 1021}, {"木" : 561}, {"幕" : 318}, {"牧" : 131}, {"暮" : 121}, {"慕" : 93}, {"穆" : 90}, {"募" : 83}, {"姆" : 75}, {"墓" : 54}, {"沐" : 33}, {"睦" : 26}, {"牡" : 21}, {"拇" : 18}, {"模" : 16}, {"畝" : 16}],

 "ㄈㄚ" : [{"法" : 6470}, {"發" : 5457}, {"髮" : 273}, {"罰" : 239}, {"乏" : 175}, {"伐" : 92}, {"閥" : 45}, {"筏" : 11}],

 "ㄈㄛ" : [{"佛" : 240}],

 "ㄈㄟ" : [{"非" : 1749}, {"費" : 1188}, {"飛" : 866}, {"廢" : 300}, {"肥" : 221}, {"菲" : 151}, {"肺" : 118}, {"啡" : 93}, {"沸" : 91}, {"妃" : 63}, {"匪" : 61}, {"吠" : 55}, {"誹" : 15}, {"斐" : 13}, {"蜚" : 10}, {"緋" : 10}, {"霏" : 9}, {"扉" : 7}, {"悱" : 6}],

 "ㄈㄡ" : [{"否" : 871}],

 "ㄈㄢ" : [{"反" : 2670}, {"犯" : 636}, {"翻" : 570}, {"飯" : 432}, {"範" : 387}, {"返" : 249}, {"煩" : 220}, {"繁" : 195}, {"凡" : 184}, {"泛" : 151}, {"販" : 118}, {"番" : 110}, {"帆" : 46}, {"梵" : 33}, {"范" : 24}, {"藩" : 14}, {"礬" : 11}, {"氾" : 11}, {"蕃" : 11}, {"幡" : 11}, {"樊" : 7}],

 "ㄈㄣ" : [{"分" : 3741}, {"粉" : 567}, {"份" : 549}, {"紛" : 341}, {"奮" : 203}, {"憤" : 136}, {"氛" : 130}, {"焚" : 87}, {"芬" : 81}, {"糞" : 48}, {"墳" : 20}, {"忿" : 17}, {"酚" : 13}, {"汾" : 7}],

 "ㄈㄤ" : [{"方" : 3922}, {"放" : 1493}, {"防" : 908}, {"房" : 729}, {"訪" : 726}, {"芳" : 123}, {"彷" : 76}, {"妨" : 73}, {"仿" : 63}, {"紡" : 62}, {"坊" : 38}, {"肪" : 36}],

 "ㄈㄥ" : [{"風" : 2212}, {"封" : 307}, {"鳳" : 296}, {"豐" : 257}, {"蜂" : 187}, {"峰" : 166}, {"鋒" : 139}, {"奉" : 131}, {"縫" : 118}, {"逢" : 111}, {"瘋" : 102}, {"諷" : 93}, {"馮" : 35}, {"烽" : 14}, {"俸" : 12}, {"楓" : 8}, {"丰" : 8}],

 "ㄈㄨ" : [{"府" : 2178}, {"服" : 1089}, {"父" : 875}, {"負" : 751}, {"福" : 749}, {"富" : 565}, {"夫" : 500}, {"副" : 482}, {"付" : 467}, {"復" : 435}, {"附" : 392}, {"婦" : 351}, {"複" : 315}, {"幅" : 285}, {"符" : 284}, {"覆" : 266}, {"浮" : 224}, {"腹" : 204}, {"輔" : 200}, {"伏" : 192}, {"赴" : 171}, {"扶" : 166}, {"腐" : 115}, {"膚" : 110}, {"撫" : 106}, {"賦" : 99}, {"彿" : 75}, {"俯" : 65}, {"氟" : 57}, {"輻" : 50}, {"傅" : 50}, {"斧" : 49}, {"縛" : 47}, {"麩" : 44}, {"釜" : 42}, {"敷" : 38}, {"弗" : 28}, {"鳧" : 25}, {"拂" : 23}, {"阜" : 21}, {"芙" : 19}, {"袱" : 18}, {"甫" : 18}, {"腑" : 17}, {"俘" : 15}, {"孵" : 14}, {"拊" : 12}, {"馥" : 10}, {"蝠" : 9}, {"匐" : 8}, {"黼" : 8}, {"蜉" : 8}, {"孚" : 8}, {"咐" : 6}, {"黻" : 6}, {"褔" : 6}],

 "ㄉㄚ" : [{"大" : 13101}, {"達" : 2141}, {"打" : 2133}, {"答" : 410}, {"搭" : 304}, {"嗒" : 9}],

 "ㄉㄜ" : [{"的" : 53780}, {"得" : 4616}, {"地" : 3064}, {"德" : 1436}],

 "ㄉㄞ" : [{"代" : 2516}, {"帶" : 1443}, {"待" : 1002}, {"袋" : 219}, {"貸" : 194}, {"戴" : 179}, {"呆" : 78}, {"逮" : 45}, {"歹" : 35}, {"怠" : 29}, {"殆" : 21}, {"大" : 21}, {"岱" : 17}, {"黛" : 9}],

 "ㄉㄠ" : [{"到" : 7620}, {"道" : 3027}, {"導" : 1982}, {"倒" : 679}, {"島" : 449}, {"刀" : 346}, {"盜" : 131}, {"蹈" : 93}, {"稻" : 57}, {"禱" : 44}, {"搗" : 41}, {"悼" : 30}, {"叨" : 17}],

 "ㄉㄡ" : [{"都" : 4639}, {"鬥" : 443}, {"豆" : 227}, {"斗" : 79}, {"逗" : 45}, {"竇" : 39}, {"抖" : 38}, {"兜" : 30}, {"陡" : 17}, {"痘" : 15}],

 "ㄉㄢ" : [{"但" : 4171}, {"單" : 1367}, {"擔" : 771}, {"彈" : 678}, {"蛋" : 592}, {"膽" : 311}, {"旦" : 267}, {"淡" : 249}, {"丹" : 144}, {"誕" : 116}, {"耽" : 27}, {"憚" : 26}, {"殫" : 23}, {"氮" : 15}, {"簞" : 14}, {"啖" : 12}, {"澹" : 11}, {"疸" : 9}, {"鄲" : 8}, {"撣" : 8}, {"眈" : 7}],

 "ㄉㄤ" : [{"當" : 4115}, {"黨" : 3171}, {"檔" : 248}, {"擋" : 141}, {"蕩" : 139}, {"盪" : 55}, {"噹" : 55}, {"宕" : 23}, {"党" : 11}, {"鐺" : 10}, {"讜" : 7}],

 "ㄉㄥ" : [{"等" : 2443}, {"登" : 380}, {"燈" : 309}, {"瞪" : 49}, {"鄧" : 30}, {"凳" : 17}, {"蹬" : 11}, {"簦" : 7}],

 "ㄉㄧ" : [{"第" : 1992}, {"地" : 1903}, {"低" : 1092}, {"底" : 1043}, {"弟" : 319}, {"敵" : 316}, {"的" : 288}, {"抵" : 207}, {"帝" : 151}, {"滴" : 127}, {"遞" : 112}, {"迪" : 103}, {"蒂" : 96}, {"堤" : 52}, {"締" : 52}, {"滌" : 35}, {"砥" : 33}, {"笛" : 31}, {"狄" : 23}, {"邸" : 22}, {"詆" : 14}, {"嫡" : 13}, {"牴" : 10}, {"嘀" : 9}, {"荻" : 8}, {"諦" : 8}, {"柢" : 6}],

 "ㄉㄧㄝ" : [{"跌" : 184}, {"疊" : 95}, {"碟" : 73}, {"迭" : 65}, {"諜" : 59}, {"蝶" : 46}, {"爹" : 14}, {"喋" : 10}],

 "ㄉㄧㄠ" : [{"調" : 1903}, {"掉" : 484}, {"吊" : 141}, {"雕" : 129}, {"釣" : 59}, {"刁" : 30}, {"凋" : 20}, {"貂" : 19}, {"弔" : 17}, {"叼" : 10}, {"彫" : 8}, {"鵰" : 7}, {"碉" : 6}],

 "ㄉㄧㄡ" : [{"丟" : 154}],

 "ㄉㄧㄢ" : [{"點" : 3457}, {"電" : 2542}, {"店" : 682}, {"典" : 386}, {"甸" : 166}, {"顛" : 111}, {"墊" : 108}, {"澱" : 74}, {"奠" : 47}, {"殿" : 46}, {"癲" : 21}, {"掂" : 17}, {"巔" : 11}, {"碘" : 10}, {"佃" : 10}, {"惦" : 6}],

 "ㄉㄧㄥ" : [{"定" : 3501}, {"丁" : 318}, {"頂" : 312}, {"訂" : 282}, {"鼎" : 146}, {"釘" : 115}, {"叮" : 35}, {"盯" : 29}, {"錠" : 14}, {"仃" : 6}],

 "ㄉㄨ" : [{"度" : 3091}, {"獨" : 1166}, {"讀" : 865}, {"毒" : 378}, {"都" : 217}, {"督" : 180}, {"杜" : 164}, {"賭" : 117}, {"肚" : 116}, {"渡" : 83}, {"堵" : 59}, {"睹" : 58}, {"嘟" : 41}, {"妒" : 33}, {"犢" : 27}, {"篤" : 26}, {"鍍" : 25}, {"蠹" : 24}, {"牘" : 19}, {"瀆" : 12}, {"櫝" : 10}],

 "ㄉㄨㄛ" : [{"多" : 6029}, {"奪" : 265}, {"躲" : 83}, {"朵" : 64}, {"墮" : 40}, {"舵" : 30}, {"惰" : 21}, {"咄" : 20}, {"度" : 12}, {"掇" : 12}, {"哆" : 8}, {"垛" : 7}, {"踱" : 6}],

 "ㄉㄨㄟ" : [{"對" : 8042}, {"隊" : 1051}, {"堆" : 179}, {"兌" : 58}, {"懟" : 11}],

 "ㄉㄨㄢ" : [{"斷" : 1077}, {"段" : 753}, {"短" : 646}, {"端" : 388}, {"鍛" : 33}, {"緞" : 12}],

 "ㄉㄨㄣ" : [{"頓" : 230}, {"盾" : 141}, {"敦" : 141}, {"遁" : 59}, {"鈍" : 39}, {"噸" : 39}, {"蹲" : 26}, {"墩" : 14}, {"沌" : 14}, {"燉" : 13}, {"囤" : 10}, {"盹" : 7}],

 "ㄉㄨㄥ" : [{"動" : 4827}, {"東" : 1680}, {"董" : 330}, {"冬" : 296}, {"洞" : 253}, {"懂" : 249}, {"凍" : 186}, {"棟" : 61}, {"咚" : 18}, {"恫" : 13}, {"侗" : 6}],

 "ㄊㄚ" : [{"他" : 5944}, {"她" : 2327}, {"它" : 425}, {"牠" : 232}, {"踏" : 173}, {"塔" : 149}, {"獺" : 51}, {"塌" : 46}, {"拓" : 43}, {"榻" : 20}, {"遝" : 17}, {"撻" : 14}, {"蹋" : 12}],

 "ㄊㄜ" : [{"特" : 1621}, {"忑" : 12}],

 "ㄊㄞ" : [{"台" : 7510}, {"太" : 1598}, {"態" : 1049}, {"臺" : 445}, {"泰" : 281}, {"胎" : 115}, {"抬" : 99}, {"汰" : 44}, {"檯" : 35}, {"颱" : 17}, {"苔" : 15}],

 "ㄊㄠ" : [{"討" : 620}, {"套" : 345}, {"桃" : 317}, {"逃" : 219}, {"陶" : 85}, {"淘" : 73}, {"萄" : 59}, {"濤" : 50}, {"韜" : 33}, {"滔" : 22}, {"掏" : 19}, {"饕" : 12}, {"絛" : 10}, {"啕" : 6}],

 "ㄊㄡ" : [{"投" : 2947}, {"頭" : 2301}, {"透" : 768}, {"偷" : 260}],

 "ㄊㄢ" : [{"壇" : 1131}, {"談" : 1055}, {"探" : 358}, {"攤" : 205}, {"貪" : 191}, {"坦" : 154}, {"碳" : 82}, {"炭" : 79}, {"嘆" : 70}, {"歎" : 68}, {"灘" : 53}, {"痰" : 41}, {"癱" : 30}, {"潭" : 29}, {"毯" : 24}, {"譚" : 18}, {"檀" : 18}, {"袒" : 14}, {"忐" : 12}, {"覃" : 7}, {"曇" : 7}, {"坍" : 6}, {"罎" : 6}],

 "ㄊㄤ" : [{"糖" : 448}, {"堂" : 360}, {"湯" : 243}, {"唐" : 100}, {"躺" : 75}, {"趟" : 58}, {"燙" : 43}, {"倘" : 42}, {"塘" : 26}, {"淌" : 15}, {"棠" : 14}, {"膛" : 12}, {"搪" : 11}, {"螳" : 9}, {"帑" : 8}, {"醣" : 7}, {"儻" : 6}],

 "ㄊㄥ" : [{"騰" : 163}, {"疼" : 145}, {"藤" : 67}, {"謄" : 10}],

 "ㄊㄧ" : [{"體" : 3192}, {"提" : 2526}, {"題" : 2324}, {"替" : 287}, {"梯" : 104}, {"踢" : 80}, {"啼" : 50}, {"涕" : 46}, {"剔" : 38}, {"蹄" : 36}, {"惕" : 27}, {"剃" : 15}, {"殢" : 10}, {"擿" : 9}, {"嚏" : 8}, {"悌" : 6}],

 "ㄊㄧㄝ" : [{"鐵" : 896}, {"貼" : 282}, {"帖" : 38}],

 "ㄊㄧㄠ" : [{"條" : 1229}, {"跳" : 448}, {"挑" : 444}, {"調" : 61}, {"佻" : 19}, {"迢" : 18}, {"眺" : 8}, {"窕" : 6}],

 "ㄊㄧㄢ" : [{"天" : 4727}, {"田" : 255}, {"添" : 181}, {"甜" : 181}, {"填" : 162}, {"恬" : 30}, {"靦" : 13}, {"腆" : 12}, {"舔" : 11}, {"殄" : 6}, {"闐" : 6}],

 "ㄊㄧㄥ" : [{"聽" : 1040}, {"停" : 546}, {"庭" : 437}, {"挺" : 274}, {"廳" : 216}, {"亭" : 111}, {"廷" : 105}, {"艇" : 47}, {"霆" : 26}, {"町" : 26}, {"汀" : 17}, {"婷" : 14}, {"珽" : 11}, {"烴" : 8}, {"渟" : 8}, {"蜓" : 6}],

 "ㄊㄨ" : [{"圖" : 997}, {"土" : 686}, {"突" : 646}, {"徒" : 225}, {"途" : 203}, {"吐" : 203}, {"塗" : 181}, {"兔" : 91}, {"凸" : 85}, {"屠" : 53}, {"禿" : 32}, {"荼" : 30}],

 "ㄊㄨㄛ" : [{"脫" : 455}, {"拖" : 205}, {"托" : 199}, {"妥" : 132}, {"託" : 121}, {"唾" : 41}, {"拓" : 36}, {"駝" : 28}, {"陀" : 18}, {"跎" : 12}, {"橢" : 7}, {"讬" : 6}, {"馱" : 6}],

 "ㄊㄨㄟ" : [{"推" : 1252}, {"退" : 740}, {"腿" : 118}, {"頹" : 34}, {"蛻" : 11}, {"褪" : 11}],

 "ㄊㄨㄢ" : [{"團" : 1180}, {"糰" : 17}, {"摶" : 11}, {"湍" : 6}],

 "ㄊㄨㄣ" : [{"吞" : 143}, {"屯" : 48}, {"豚" : 31}, {"臀" : 15}],

 "ㄊㄨㄥ" : [{"同" : 3966}, {"統" : 2810}, {"通" : 2008}, {"痛" : 732}, {"童" : 552}, {"銅" : 122}, {"桶" : 86}, {"筒" : 78}, {"桐" : 24}, {"彤" : 12}, {"捅" : 11}, {"慟" : 9}, {"酮" : 6}, {"瞳" : 6}],

 "ㄋㄚ" : [{"那" : 1913}, {"拿" : 826}, {"哪" : 540}, {"納" : 415}, {"鈉" : 32}, {"娜" : 28}, {"吶" : 12}, {"拏" : 11}, {"捺" : 6}],

 "ㄋㄜ" : [{"呢" : 492}, {"訥" : 9}],

 "ㄋㄞ" : [{"奶" : 264}, {"耐" : 174}, {"乃" : 124}, {"奈" : 108}, {"迺" : 13}, {"鼐" : 11}],

 "ㄋㄟ" : [{"內" : 3009}, {"那" : 179}, {"内" : 42}, {"餒" : 11}],

 "ㄋㄠ" : [{"腦" : 627}, {"鬧" : 207}, {"惱" : 88}, {"撓" : 36}],

 "ㄋㄢ" : [{"南" : 1980}, {"難" : 1855}, {"男" : 810}, {"喃" : 29}, {"赧" : 6}, {"楠" : 6}],

 "ㄋㄣ" : [{"嫩" : 51}],

 "ㄋㄤ" : [{"囊" : 118}, {"囔" : 9}],

 "ㄋㄥ" : [{"能" : 6551}],

 "ㄋㄧ" : [{"你" : 4596}, {"尼" : 315}, {"逆" : 268}, {"妳" : 239}, {"泥" : 178}, {"擬" : 165}, {"匿" : 58}, {"溺" : 51}, {"妮" : 35}, {"膩" : 33}, {"倪" : 16}, {"睨" : 11}, {"呢" : 10}, {"霓" : 7}, {"昵" : 7}],

 "ㄋㄧㄝ" : [{"捏" : 83}, {"孽" : 26}, {"躡" : 25}, {"涅" : 20}, {"齧" : 20}, {"鎳" : 11}, {"聶" : 7}, {"臬" : 7}, {"顳" : 7}],

 "ㄋㄧㄠ" : [{"鳥" : 333}, {"尿" : 113}, {"嫋" : 18}],

 "ㄋㄧㄡ" : [{"牛" : 465}, {"扭" : 120}, {"紐" : 110}, {"鈕" : 22}, {"妞" : 16}],

 "ㄋㄧㄢ" : [{"年" : 8187}, {"念" : 752}, {"黏" : 60}, {"唸" : 55}, {"拈" : 29}, {"撚" : 19}, {"粘" : 18}, {"鯰" : 15}, {"廿" : 11}, {"碾" : 11}],

 "ㄋㄧㄣ" : [{"您" : 980}],

 "ㄋㄧㄤ" : [{"娘" : 165}, {"釀" : 43}],

 "ㄋㄧㄥ" : [{"寧" : 217}, {"凝" : 95}, {"檸" : 19}, {"佞" : 14}, {"甯" : 11}, {"擰" : 11}, {"嚀" : 11}, {"獰" : 8}],

 "ㄋㄨ" : [{"努" : 375}, {"怒" : 298}, {"奴" : 78}, {"弩" : 22}, {"駑" : 16}],

 "ㄋㄨㄛ" : [{"諾" : 240}, {"挪" : 62}, {"懦" : 18}, {"糯" : 17}],

 "ㄋㄨㄢ" : [{"暖" : 281}],

 "ㄋㄨㄥ" : [{"農" : 798}, {"弄" : 349}, {"濃" : 177}, {"膿" : 21}],

 "ㄋㄩ" : [{"女" : 1802}],

 "ㄋㄩㄝ" : [{"虐" : 117}, {"瘧" : 7}],

 "ㄌㄚ" : [{"拉" : 911}, {"啦" : 130}, {"辣" : 71}, {"臘" : 59}, {"蠟" : 55}, {"喇" : 47}, {"落" : 10}, {"剌" : 8}, {"邋" : 6}],

 "ㄌㄜ" : [{"了" : 8775}, {"樂" : 1207}, {"垃" : 52}, {"勒" : 38}, {"肋" : 19}],

 "ㄌㄞ" : [{"來" : 9048}, {"賴" : 676}, {"萊" : 83}, {"癩" : 12}, {"籟" : 9}, {"睞" : 8}],

 "ㄌㄟ" : [{"類" : 1053}, {"累" : 414}, {"雷" : 263}, {"淚" : 213}, {"勒" : 83}, {"壘" : 75}, {"蕾" : 26}, {"磊" : 26}, {"鐳" : 14}, {"擂" : 13}, {"羸" : 9}, {"儡" : 6}],

 "ㄌㄠ" : [{"老" : 2146}, {"勞" : 1708}, {"牢" : 102}, {"撈" : 68}, {"嘮" : 14}, {"佬" : 13}, {"澇" : 13}, {"酪" : 12}, {"烙" : 12}, {"潦" : 10}],

 "ㄌㄡ" : [{"樓" : 331}, {"漏" : 196}, {"陋" : 54}, {"鏤" : 43}, {"露" : 22}, {"摟" : 18}, {"簍" : 8}, {"螻" : 8}, {"僂" : 8}, {"婁" : 6}],

 "ㄌㄢ" : [{"藍" : 433}, {"蘭" : 416}, {"爛" : 208}, {"欄" : 164}, {"覽" : 154}, {"籃" : 126}, {"懶" : 120}, {"濫" : 98}, {"攔" : 63}, {"瀾" : 61}, {"攬" : 55}, {"纜" : 23}, {"欖" : 22}, {"闌" : 21}, {"婪" : 8}],

 "ㄌㄤ" : [{"浪" : 414}, {"狼" : 181}, {"朗" : 159}, {"郎" : 85}, {"廊" : 37}, {"琅" : 16}, {"瑯" : 9}, {"螂" : 9}, {"榔" : 8}, {"啷" : 6}],

 "ㄌㄥ" : [{"冷" : 636}, {"楞" : 25}, {"愣" : 22}, {"棱" : 21}],

 "ㄌㄧ" : [{"力" : 4356}, {"理" : 3525}, {"立" : 2958}, {"利" : 2294}, {"裡" : 1854}, {"離" : 1152}, {"例" : 1032}, {"歷" : 931}, {"里" : 666}, {"禮" : 547}, {"李" : 469}, {"麗" : 339}, {"勵" : 224}, {"厲" : 182}, {"曆" : 136}, {"粒" : 108}, {"黎" : 92}, {"罹" : 92}, {"釐" : 80}, {"莉" : 78}, {"梨" : 64}, {"裏" : 38}, {"瀝" : 37}, {"栗" : 35}, {"礪" : 35}, {"璃" : 33}, {"哩" : 32}, {"吏" : 31}, {"笠" : 30}, {"犁" : 29}, {"隸" : 29}, {"籬" : 27}, {"俐" : 22}, {"漓" : 18}, {"狸" : 17}, {"礫" : 15}, {"戾" : 15}, {"厘" : 13}, {"鯉" : 11}, {"瓈" : 11}, {"唳" : 10}, {"俚" : 9}, {"慄" : 9}, {"糲" : 9}, {"儷" : 8}, {"痢" : 8}, {"澧" : 7}, {"詈" : 7}, {"靂" : 7}, {"蠡" : 7}, {"醨" : 6}, {"蠣" : 6}, {"鸝" : 6}],

 "ㄌㄧㄝ" : [{"列" : 664}, {"烈" : 364}, {"裂" : 221}, {"獵" : 147}, {"劣" : 119}, {"咧" : 20}, {"捩" : 10}, {"埒" : 6}],

 "ㄌㄧㄠ" : [{"料" : 965}, {"療" : 579}, {"了" : 371}, {"聊" : 205}, {"瞭" : 85}, {"僚" : 65}, {"廖" : 49}, {"遼" : 34}, {"寥" : 33}, {"撩" : 25}, {"燎" : 24}, {"撂" : 17}, {"寮" : 13}, {"潦" : 10}, {"獠" : 6}, {"繚" : 6}],

 "ㄌㄧㄡ" : [{"流" : 1936}, {"留" : 650}, {"六" : 630}, {"劉" : 369}, {"柳" : 164}, {"溜" : 100}, {"瘤" : 93}, {"硫" : 58}, {"餾" : 15}, {"琉" : 12}, {"榴" : 11}, {"鉚" : 11}],

 "ㄌㄧㄢ" : [{"連" : 1465}, {"聯" : 1186}, {"臉" : 681}, {"練" : 380}, {"戀" : 182}, {"蓮" : 147}, {"廉" : 123}, {"鏈" : 110}, {"煉" : 72}, {"憐" : 70}, {"斂" : 65}, {"簾" : 33}, {"鍊" : 14}, {"楝" : 13}, {"漣" : 13}, {"鐮" : 9}],

 "ㄌㄧㄣ" : [{"林" : 1112}, {"臨" : 499}, {"遴" : 305}, {"鄰" : 161}, {"淋" : 90}, {"鱗" : 69}, {"磷" : 65}, {"麟" : 50}, {"吝" : 27}, {"琳" : 24}, {"凜" : 16}, {"霖" : 15}, {"賃" : 10}, {"瞵" : 6}, {"嶙" : 6}, {"躪" : 6}],

 "ㄌㄧㄤ" : [{"兩" : 2868}, {"量" : 1692}, {"良" : 425}, {"亮" : 322}, {"糧" : 112}, {"涼" : 105}, {"輛" : 90}, {"梁" : 87}, {"樑" : 61}, {"諒" : 54}, {"倆" : 26}, {"粱" : 21}, {"晾" : 7}],

 "ㄌㄧㄥ" : [{"領" : 1328}, {"令" : 1000}, {"另" : 779}, {"零" : 335}, {"靈" : 265}, {"齡" : 193}, {"凌" : 135}, {"鈴" : 111}, {"陵" : 83}, {"玲" : 63}, {"嶺" : 59}, {"淩" : 41}, {"伶" : 28}, {"菱" : 21}, {"苓" : 20}, {"聆" : 19}, {"綾" : 7}, {"羚" : 6}],

 "ㄌㄨ" : [{"路" : 2060}, {"陸" : 1447}, {"錄" : 491}, {"露" : 444}, {"爐" : 194}, {"魯" : 170}, {"鹿" : 84}, {"碌" : 68}, {"盧" : 62}, {"嚕" : 50}, {"蘆" : 49}, {"祿" : 45}, {"戮" : 39}, {"廬" : 27}, {"鷺" : 24}, {"鹵" : 22}, {"滷" : 16}, {"擄" : 14}, {"櫚" : 13}, {"賂" : 13}, {"顱" : 12}, {"漉" : 12}, {"轆" : 12}, {"虜" : 7}, {"麓" : 6}],

 "ㄌㄨㄛ" : [{"落" : 1078}, {"羅" : 541}, {"絡" : 150}, {"洛" : 109}, {"邏" : 104}, {"螺" : 66}, {"裸" : 50}, {"蘿" : 43}, {"鑼" : 30}, {"囉" : 21}, {"駱" : 18}, {"犖" : 11}, {"鉻" : 7}, {"騾" : 6}, {"籮" : 6}],

 "ㄌㄨㄢ" : [{"亂" : 564}, {"卵" : 87}, {"鸞" : 73}, {"攣" : 19}, {"巒" : 17}],

 "ㄌㄨㄣ" : [{"論" : 3297}, {"輪" : 448}, {"倫" : 343}, {"淪" : 97}, {"綸" : 40}, {"崙" : 10}, {"侖" : 8}, {"圇" : 7}, {"掄" : 6}],

 "ㄌㄨㄥ" : [{"龍" : 865}, {"籠" : 146}, {"隆" : 142}, {"攏" : 68}, {"聾" : 45}, {"嚨" : 29}, {"壟" : 16}, {"瓏" : 12}, {"隴" : 9}],

 "ㄌㄩ" : [{"旅" : 820}, {"綠" : 673}, {"率" : 651}, {"律" : 643}, {"慮" : 356}, {"履" : 218}, {"鋁" : 126}, {"侶" : 100}, {"呂" : 86}, {"屢" : 82}, {"氯" : 46}, {"驢" : 46}, {"濾" : 33}, {"縷" : 29}, {"閭" : 14}, {"膂" : 6}],

 "ㄌㄩㄝ" : [{"略" : 813}, {"掠" : 53}],

 "ㄍㄚ" : [{"尬" : 38}, {"嘎" : 17}, {"呷" : 6}],

 "ㄍㄜ" : [{"個" : 8320}, {"各" : 2151}, {"格" : 964}, {"歌" : 577}, {"革" : 442}, {"哥" : 429}, {"隔" : 343}, {"閣" : 231}, {"割" : 148}, {"戈" : 121}, {"葛" : 46}, {"擱" : 36}, {"骼" : 18}, {"蛤" : 17}, {"咯" : 16}, {"鴿" : 10}, {"嗝" : 10}, {"胳" : 10}, {"疙" : 7}],

 "ㄍㄞ" : [{"改" : 1735}, {"該" : 1508}, {"蓋" : 335}, {"概" : 260}, {"鈣" : 56}, {"溉" : 13}, {"丐" : 10}],

 "ㄍㄟ" : [{"給" : 1502}],

 "ㄍㄠ" : [{"高" : 3922}, {"稿" : 1736}, {"告" : 1146}, {"搞" : 213}, {"膏" : 92}, {"糕" : 80}, {"羔" : 29}, {"槁" : 16}, {"縞" : 7}, {"櫜" : 6}],

 "ㄍㄡ" : [{"夠" : 643}, {"狗" : 518}, {"構" : 439}, {"購" : 414}, {"溝" : 276}, {"鉤" : 93}, {"垢" : 84}, {"勾" : 70}, {"苟" : 42}, {"詬" : 15}, {"枸" : 9}, {"彀" : 6}, {"篝" : 6}],

 "ㄍㄢ" : [{"感" : 2051}, {"幹" : 407}, {"敢" : 387}, {"乾" : 332}, {"趕" : 259}, {"甘" : 209}, {"干" : 199}, {"肝" : 185}, {"桿" : 125}, {"杆" : 58}, {"竿" : 47}, {"尷" : 35}, {"橄" : 22}, {"柑" : 15}, {"旰" : 14}, {"稈" : 8}],

 "ㄍㄣ" : [{"跟" : 1412}, {"根" : 1021}, {"亙" : 17}],

 "ㄍㄤ" : [{"剛" : 420}, {"港" : 399}, {"鋼" : 348}, {"綱" : 88}, {"岡" : 59}, {"崗" : 51}, {"缸" : 40}, {"槓" : 27}, {"杠" : 12}],

 "ㄍㄥ" : [{"更" : 3413}, {"耕" : 113}, {"梗" : 63}, {"羹" : 44}, {"耿" : 41}, {"哽" : 20}, {"庚" : 19}, {"鯁" : 10}, {"畊" : 7}, {"綆" : 6}],

 "ㄍㄨ" : [{"顧" : 681}, {"故" : 659}, {"古" : 602}, {"骨" : 520}, {"股" : 477}, {"鼓" : 436}, {"固" : 348}, {"估" : 281}, {"孤" : 238}, {"姑" : 147}, {"穀" : 130}, {"雇" : 120}, {"谷" : 111}, {"辜" : 40}, {"僱" : 38}, {"沽" : 24}, {"呱" : 23}, {"菇" : 19}, {"轂" : 18}, {"咕" : 17}, {"箍" : 9}, {"觚" : 8}, {"瞽" : 8}, {"蠱" : 7}, {"痼" : 7}, {"鶻" : 6}, {"汩" : 6}],

 "ㄍㄨㄚ" : [{"掛" : 254}, {"括" : 203}, {"瓜" : 181}, {"刮" : 174}, {"寡" : 165}, {"卦" : 40}, {"褂" : 9}],

 "ㄍㄨㄛ" : [{"國" : 13988}, {"過" : 6068}, {"果" : 2631}, {"鍋" : 186}, {"郭" : 156}, {"裹" : 69}, {"粿" : 12}, {"幗" : 10}],

 "ㄍㄨㄞ" : [{"怪" : 421}, {"乖" : 131}, {"拐" : 42}],

 "ㄍㄨㄟ" : [{"規" : 1124}, {"歸" : 448}, {"貴" : 423}, {"鬼" : 306}, {"軌" : 174}, {"櫃" : 90}, {"桂" : 86}, {"龜" : 82}, {"詭" : 64}, {"跪" : 46}, {"瑰" : 40}, {"圭" : 38}, {"閨" : 27}, {"匱" : 20}, {"劌" : 12}, {"晷" : 11}, {"檜" : 9}, {"癸" : 9}, {"珪" : 8}, {"鮭" : 6}],

 "ㄍㄨㄢ" : [{"關" : 3987}, {"管" : 2285}, {"觀" : 2142}, {"官" : 1303}, {"館" : 447}, {"慣" : 321}, {"冠" : 267}, {"貫" : 144}, {"灌" : 102}, {"罐" : 61}, {"棺" : 24}, {"鰥" : 12}, {"莞" : 9}, {"盥" : 9}],

 "ㄍㄨㄣ" : [{"滾" : 148}, {"棍" : 76}, {"輥" : 7}],

 "ㄍㄨㄤ" : [{"光" : 1450}, {"廣" : 628}, {"逛" : 42}, {"胱" : 10}],

 "ㄍㄨㄥ" : [{"工" : 4366}, {"公" : 4009}, {"共" : 1677}, {"功" : 1048}, {"供" : 884}, {"攻" : 377}, {"宮" : 273}, {"貢" : 85}, {"拱" : 82}, {"恭" : 72}, {"弓" : 65}, {"躬" : 57}, {"鞏" : 34}, {"肱" : 14}, {"汞" : 11}, {"觥" : 8}],

 "ㄎㄚ" : [{"卡" : 587}, {"咖" : 110}, {"喀" : 15}],

 "ㄎㄜ" : [{"可" : 6735}, {"客" : 1092}, {"科" : 1076}, {"課" : 790}, {"克" : 643}, {"刻" : 604}, {"柯" : 499}, {"顆" : 155}, {"殼" : 134}, {"渴" : 98}, {"苛" : 41}, {"磕" : 34}, {"咳" : 32}, {"棵" : 20}, {"嗑" : 15}, {"剋" : 10}, {"恪" : 9}, {"窠" : 8}, {"髁" : 8}, {"坷" : 7}, {"溘" : 6}],

 "ㄎㄞ" : [{"開" : 4070}, {"凱" : 78}, {"慨" : 66}, {"楷" : 18}, {"揩" : 6}, {"愒" : 6}, {"愾" : 6}],

 "ㄎㄠ" : [{"考" : 998}, {"靠" : 395}, {"烤" : 84}, {"銬" : 20}, {"拷" : 19}, {"犒" : 9}],

 "ㄎㄡ" : [{"口" : 2183}, {"扣" : 221}, {"叩" : 27}, {"寇" : 27}, {"蔻" : 19}, {"摳" : 13}],

 "ㄎㄢ" : [{"看" : 3268}, {"刊" : 314}, {"堪" : 121}, {"檻" : 75}, {"砍" : 67}, {"勘" : 41}, {"侃" : 37}, {"坎" : 29}, {"瞰" : 14}, {"崁" : 13}, {"戡" : 6}],

 "ㄎㄣ" : [{"肯" : 223}, {"懇" : 37}, {"墾" : 33}, {"啃" : 15}, {"齦" : 9}],

 "ㄎㄤ" : [{"抗" : 667}, {"康" : 428}, {"慷" : 43}, {"扛" : 42}, {"亢" : 27}, {"糠" : 25}, {"炕" : 15}, {"伉" : 6}],

 "ㄎㄥ" : [{"坑" : 85}, {"吭" : 18}, {"鏗" : 15}],

 "ㄎㄨ" : [{"苦" : 818}, {"哭" : 265}, {"庫" : 249}, {"枯" : 111}, {"褲" : 104}, {"酷" : 90}, {"窟" : 22}, {"刳" : 12}, {"絝" : 7}, {"袴" : 6}],

 "ㄎㄨㄚ" : [{"跨" : 291}, {"誇" : 85}, {"垮" : 45}, {"夸" : 19}],

 "ㄎㄨㄛ" : [{"擴" : 258}, {"括" : 225}, {"闊" : 99}, {"廓" : 16}],

 "ㄎㄨㄞ" : [{"快" : 916}, {"會" : 695}, {"塊" : 366}, {"筷" : 17}, {"膾" : 12}],

 "ㄎㄨㄟ" : [{"揆" : 120}, {"虧" : 100}, {"潰" : 95}, {"愧" : 58}, {"窺" : 52}, {"饋" : 51}, {"魁" : 35}, {"葵" : 18}, {"睽" : 17}, {"盔" : 15}, {"奎" : 13}, {"聵" : 9}, {"簣" : 7}, {"傀" : 6}, {"喟" : 6}],

 "ㄎㄨㄢ" : [{"款" : 486}, {"寬" : 261}, {"髖" : 7}],

 "ㄎㄨㄣ" : [{"困" : 430}, {"昆" : 57}, {"坤" : 28}, {"捆" : 24}, {"堃" : 9}, {"壼" : 7}, {"焜" : 7}, {"綑" : 6}, {"睏" : 6}],

 "ㄎㄨㄤ" : [{"況" : 713}, {"狂" : 302}, {"礦" : 170}, {"框" : 107}, {"曠" : 61}, {"匡" : 28}, {"眶" : 27}, {"筐" : 16}, {"誑" : 9}],

 "ㄎㄨㄥ" : [{"空" : 1500}, {"控" : 541}, {"恐" : 534}, {"孔" : 192}],

 "ㄏㄚ" : [{"哈" : 232}, {"蛤" : 11}],

 "ㄏㄜ" : [{"合" : 2810}, {"何" : 2035}, {"和" : 2020}, {"核" : 864}, {"河" : 410}, {"喝" : 289}, {"鶴" : 131}, {"荷" : 103}, {"盒" : 94}, {"赫" : 88}, {"賀" : 68}, {"呵" : 49}, {"褐" : 33}, {"壑" : 30}, {"劾" : 27}, {"禾" : 20}, {"涸" : 20}, {"闔" : 16}],

 "ㄏㄞ" : [{"還" : 3495}, {"孩" : 2074}, {"海" : 1910}, {"害" : 742}, {"駭" : 71}, {"咳" : 33}, {"骸" : 24}, {"嗨" : 19}, {"亥" : 11}],

 "ㄏㄟ" : [{"黑" : 705}, {"嘿" : 14}],

 "ㄏㄠ" : [{"好" : 5164}, {"號" : 732}, {"毫" : 295}, {"豪" : 192}, {"耗" : 139}, {"浩" : 99}, {"皓" : 27}, {"嚎" : 22}, {"郝" : 14}, {"壕" : 12}, {"蒿" : 7}, {"濠" : 6}],

 "ㄏㄡ" : [{"後" : 5707}, {"候" : 1013}, {"厚" : 235}, {"侯" : 135}, {"猴" : 105}, {"喉" : 91}, {"后" : 61}, {"吼" : 45}, {"逅" : 8}],

 "ㄏㄢ" : [{"韓" : 1805}, {"和" : 1701}, {"瀚" : 1000}, {"含" : 412}, {"寒" : 354}, {"喊" : 265}, {"漢" : 214}, {"汗" : 149}, {"函" : 126}, {"涵" : 103}, {"憾" : 71}, {"撼" : 69}, {"罕" : 63}, {"旱" : 50}, {"捍" : 47}, {"翰" : 38}, {"焊" : 36}, {"悍" : 34}, {"酣" : 26}, {"鼾" : 21}, {"頷" : 17}, {"憨" : 16}, {"邯" : 9}],

 "ㄏㄣ" : [{"很" : 2859}, {"恨" : 162}, {"狠" : 99}, {"痕" : 90}],

 "ㄏㄤ" : [{"航" : 550}, {"行" : 202}, {"杭" : 23}, {"夯" : 22}],

 "ㄏㄥ" : [{"衡" : 311}, {"橫" : 295}, {"恆" : 35}, {"哼" : 30}, {"亨" : 24}, {"恒" : 24}],

 "ㄏㄨ" : [{"護" : 948}, {"乎" : 681}, {"互" : 592}, {"戶" : 579}, {"呼" : 484}, {"虎" : 464}, {"湖" : 232}, {"忽" : 199}, {"胡" : 198}, {"狐" : 92}, {"糊" : 72}, {"壺" : 61}, {"弧" : 31}, {"鵠" : 31}, {"葫" : 28}, {"滬" : 22}, {"鬍" : 20}, {"扈" : 18}, {"瑚" : 16}, {"蝴" : 16}, {"惚" : 13}, {"唬" : 12}, {"怙" : 9}, {"斛" : 7}, {"囫" : 7}, {"猢" : 6}],

 "ㄏㄨㄚ" : [{"化" : 2786}, {"話" : 2727}, {"花" : 1622}, {"華" : 1086}, {"畫" : 917}, {"劃" : 451}, {"滑" : 272}, {"樺" : 38}, {"划" : 29}, {"嘩" : 25}, {"譁" : 20}, {"猾" : 12}],

 "ㄏㄨㄛ" : [{"或" : 2707}, {"活" : 1667}, {"火" : 1092}, {"獲" : 596}, {"貨" : 429}, {"禍" : 242}, {"夥" : 168}, {"惑" : 118}, {"豁" : 70}, {"霍" : 52}, {"伙" : 32}, {"穫" : 18}, {"蠖" : 10}, {"藿" : 6}],

 "ㄏㄨㄞ" : [{"壞" : 436}, {"懷" : 435}, {"淮" : 22}, {"槐" : 14}, {"徊" : 11}],

 "ㄏㄨㄟ" : [{"會" : 11000}, {"回" : 2291}, {"惠" : 322}, {"揮" : 314}, {"迴" : 252}, {"慧" : 249}, {"灰" : 231}, {"毀" : 212}, {"匯" : 165}, {"悔" : 132}, {"輝" : 93}, {"恢" : 86}, {"繪" : 71}, {"彙" : 61}, {"諱" : 47}, {"賄" : 38}, {"穢" : 36}, {"晦" : 31}, {"卉" : 24}, {"徽" : 24}, {"誨" : 23}, {"喙" : 18}, {"蕙" : 12}, {"暉" : 12}, {"洄" : 9}, {"麾" : 9}, {"彗" : 8}, {"隳" : 7}, {"薈" : 7}],

 "ㄏㄨㄢ" : [{"歡" : 2174}, {"環" : 908}, {"換" : 698}, {"患" : 486}, {"緩" : 288}, {"還" : 201}, {"幻" : 135}, {"喚" : 67}, {"煥" : 30}, {"瘓" : 17}, {"渙" : 17}, {"鍰" : 13}, {"宦" : 11}, {"鬟" : 10}, {"寰" : 9}, {"奐" : 8}, {"圜" : 7}, {"豢" : 6}],

 "ㄏㄨㄣ" : [{"婚" : 555}, {"混" : 269}, {"魂" : 205}, {"昏" : 129}, {"渾" : 62}, {"葷" : 12}, {"諢" : 9}, {"溷" : 9}],

 "ㄏㄨㄤ" : [{"黃" : 1001}, {"皇" : 202}, {"荒" : 179}, {"慌" : 91}, {"謊" : 69}, {"晃" : 62}, {"惶" : 48}, {"遑" : 45}, {"煌" : 45}, {"恍" : 34}, {"簧" : 25}, {"潢" : 24}, {"凰" : 19}, {"磺" : 13}, {"徨" : 10}, {"肓" : 7}, {"隍" : 6}, {"幌" : 6}],

 "ㄏㄨㄥ" : [{"紅" : 788}, {"鴻" : 193}, {"洪" : 178}, {"宏" : 156}, {"轟" : 97}, {"烘" : 53}, {"哄" : 36}, {"弘" : 33}, {"虹" : 30}, {"閎" : 13}, {"泓" : 8}, {"訌" : 6}],

 "ㄐㄧ" : [{"機" : 3431}, {"己" : 2580}, {"及" : 2568}, {"基" : 1743}, {"計" : 1681}, {"幾" : 1363}, {"際" : 1288}, {"濟" : 1185}, {"記" : 1184}, {"即" : 1098}, {"極" : 1000}, {"級" : 904}, {"技" : 865}, {"雞" : 783}, {"擊" : 761}, {"集" : 751}, {"急" : 695}, {"積" : 690}, {"紀" : 644}, {"繼" : 621}, {"激" : 381}, {"疾" : 314}, {"既" : 314}, {"績" : 307}, {"季" : 299}, {"劑" : 265}, {"跡" : 256}, {"輯" : 226}, {"肌" : 205}, {"給" : 201}, {"吉" : 199}, {"藉" : 197}, {"籍" : 189}, {"寄" : 188}, {"擠" : 142}, {"祭" : 118}, {"忌" : 114}, {"奇" : 92}, {"饑" : 81}, {"姬" : 67}, {"寂" : 61}, {"脊" : 59}, {"暨" : 59}, {"稽" : 48}, {"羈" : 43}, {"蹟" : 41}, {"棘" : 38}, {"汲" : 31}, {"驥" : 31}, {"嫉" : 30}, {"飢" : 27}, {"譏" : 25}, {"伎" : 25}, {"箕" : 25}, {"畸" : 24}, {"緝" : 22}, {"磯" : 22}, {"瘠" : 19}, {"戟" : 18}, {"唧" : 17}, {"亟" : 16}, {"嘰" : 16}, {"冀" : 15}, {"妓" : 15}, {"齏" : 13}, {"悸" : 12}, {"戢" : 11}, {"稷" : 10}, {"屐" : 10}, {"蹐" : 10}, {"齎" : 8}, {"覬" : 8}, {"璣" : 8}, {"楫" : 7}, {"岌" : 7}, {"霽" : 6}],

 "ㄐㄧㄚ" : [{"家" : 5957}, {"加" : 2955}, {"價" : 1478}, {"假" : 732}, {"架" : 453}, {"佳" : 307}, {"甲" : 282}, {"嘉" : 209}, {"駕" : 190}, {"夾" : 161}, {"嫁" : 102}, {"傢" : 41}, {"賈" : 34}, {"頰" : 27}, {"鉀" : 23}, {"浹" : 21}, {"茄" : 15}, {"戛" : 14}, {"枷" : 12}, {"稼" : 12}, {"伽" : 11}, {"珈" : 11}, {"葭" : 8}, {"莢" : 7}],

 "ㄐㄧㄝ" : [{"界" : 2145}, {"解" : 2003}, {"接" : 1908}, {"結" : 1813}, {"節" : 1083}, {"階" : 461}, {"街" : 336}, {"介" : 309}, {"借" : 225}, {"潔" : 211}, {"皆" : 208}, {"捷" : 166}, {"戒" : 164}, {"姊" : 158}, {"截" : 151}, {"屆" : 145}, {"揭" : 136}, {"傑" : 128}, {"姐" : 118}, {"竭" : 99}, {"劫" : 76}, {"藉" : 41}, {"杰" : 37}, {"芥" : 33}, {"睫" : 32}, {"誡" : 25}, {"詰" : 18}, {"桀" : 17}, {"拮" : 17}, {"嗟" : 13}, {"孑" : 13}, {"疥" : 11}, {"絜" : 8}, {"訐" : 6}, {"秸" : 6}],

 "ㄐㄧㄠ" : [{"教" : 2919}, {"交" : 2198}, {"較" : 901}, {"角" : 666}, {"叫" : 531}, {"腳" : 498}, {"膠" : 295}, {"焦" : 216}, {"覺" : 201}, {"繳" : 113}, {"矯" : 90}, {"驕" : 85}, {"嬌" : 76}, {"郊" : 51}, {"攪" : 45}, {"絞" : 45}, {"轎" : 41}, {"酵" : 40}, {"椒" : 36}, {"澆" : 35}, {"礁" : 33}, {"狡" : 26}, {"蕉" : 22}, {"窖" : 18}, {"佼" : 17}, {"剿" : 15}, {"餃" : 15}, {"蛟" : 13}, {"校" : 11}, {"皎" : 11}, {"跤" : 10}, {"僥" : 10}, {"撟" : 8}, {"姣" : 7}],

 "ㄐㄧㄡ" : [{"就" : 6934}, {"究" : 796}, {"九" : 722}, {"酒" : 703}, {"久" : 570}, {"救" : 548}, {"舊" : 514}, {"糾" : 93}, {"咎" : 38}, {"舅" : 30}, {"揪" : 29}, {"鳩" : 28}, {"臼" : 27}, {"柩" : 24}, {"疚" : 16}, {"灸" : 13}, {"赳" : 7}, {"啾" : 6}, {"韭" : 6}],

 "ㄐㄧㄢ" : [{"間" : 3068}, {"見" : 2481}, {"件" : 1357}, {"建" : 1243}, {"檢" : 786}, {"減" : 622}, {"健" : 577}, {"簡" : 574}, {"監" : 522}, {"堅" : 480}, {"漸" : 380}, {"兼" : 308}, {"鍵" : 305}, {"柬" : 265}, {"尖" : 218}, {"艦" : 196}, {"肩" : 182}, {"劍" : 168}, {"箭" : 131}, {"剪" : 115}, {"奸" : 103}, {"踐" : 92}, {"艱" : 92}, {"薦" : 86}, {"賤" : 78}, {"鑒" : 77}, {"撿" : 64}, {"鑑" : 60}, {"儉" : 51}, {"鹼" : 48}, {"煎" : 47}, {"姦" : 36}, {"殲" : 29}, {"揀" : 26}, {"繭" : 25}, {"荐" : 25}, {"諫" : 25}, {"緘" : 24}, {"蹇" : 23}, {"堿" : 21}, {"濺" : 20}, {"箋" : 11}, {"腱" : 9}, {"餞" : 8}, {"澗" : 7}, {"縑" : 6}, {"菅" : 6}, {"翦" : 6}],

 "ㄐㄧㄣ" : [{"進" : 4046}, {"金" : 2597}, {"近" : 1822}, {"今" : 1799}, {"僅" : 1012}, {"盡" : 637}, {"緊" : 567}, {"禁" : 398}, {"儘" : 226}, {"錦" : 188}, {"勁" : 132}, {"津" : 123}, {"晉" : 119}, {"斤" : 117}, {"筋" : 100}, {"謹" : 88}, {"巾" : 76}, {"浸" : 68}, {"襟" : 42}, {"矜" : 40}, {"槿" : 28}, {"噤" : 13}, {"燼" : 10}, {"衿" : 6}],

 "ㄐㄧㄤ" : [{"將" : 2656}, {"講" : 613}, {"江" : 501}, {"降" : 489}, {"獎" : 407}, {"蔣" : 241}, {"漿" : 120}, {"醬" : 92}, {"僵" : 81}, {"匠" : 77}, {"疆" : 63}, {"薑" : 27}, {"槳" : 12}, {"強" : 11}, {"韁" : 11}, {"姜" : 9}, {"奬" : 6}],

 "ㄐㄧㄥ" : [{"經" : 4814}, {"境" : 889}, {"精" : 830}, {"景" : 596}, {"警" : 586}, {"竟" : 554}, {"驚" : 525}, {"京" : 524}, {"競" : 403}, {"靜" : 377}, {"鏡" : 264}, {"敬" : 246}, {"井" : 205}, {"淨" : 170}, {"晶" : 151}, {"徑" : 148}, {"睛" : 124}, {"鯨" : 97}, {"頸" : 89}, {"荊" : 51}, {"菁" : 44}, {"脛" : 36}, {"兢" : 27}, {"靖" : 25}, {"逕" : 25}, {"阱" : 22}, {"莖" : 18}, {"涇" : 13}, {"痙" : 13}, {"旌" : 13}, {"丼" : 11}, {"儆" : 11}, {"憬" : 10}, {"靚" : 7}],

 "ㄐㄩ" : [{"舉" : 1446}, {"局" : 1155}, {"據" : 899}, {"具" : 840}, {"居" : 666}, {"劇" : 599}, {"句" : 479}, {"聚" : 314}, {"距" : 285}, {"拒" : 285}, {"巨" : 207}, {"俱" : 156}, {"菊" : 145}, {"懼" : 95}, {"拘" : 88}, {"矩" : 70}, {"橘" : 54}, {"鋸" : 53}, {"鉅" : 27}, {"沮" : 25}, {"咀" : 22}, {"踞" : 21}, {"駒" : 18}, {"鞠" : 17}, {"屨" : 16}, {"据" : 14}, {"侷" : 14}, {"钜" : 14}, {"桔" : 12}, {"炬" : 11}, {"裾" : 10}, {"遽" : 10}, {"疽" : 9}, {"踽" : 9}, {"倨" : 8}, {"跼" : 8}, {"齟" : 7}, {"掬" : 7}],

 "ㄐㄩㄝ" : [{"決" : 1452}, {"覺" : 1099}, {"絕" : 993}, {"角" : 292}, {"崛" : 76}, {"掘" : 64}, {"爵" : 48}, {"嚼" : 43}, {"抉" : 32}, {"訣" : 30}, {"厥" : 20}, {"譎" : 18}, {"攫" : 13}, {"倔" : 12}, {"噱" : 10}, {"蹶" : 8}, {"撅" : 6}, {"獗" : 6}],

 "ㄐㄩㄢ" : [{"捐" : 177}, {"卷" : 165}, {"捲" : 82}, {"倦" : 56}, {"眷" : 36}, {"涓" : 18}, {"娟" : 14}, {"絹" : 10}, {"鵑" : 9}, {"鐫" : 7}],

 "ㄐㄩㄣ" : [{"軍" : 1615}, {"均" : 386}, {"君" : 236}, {"菌" : 142}, {"俊" : 114}, {"峻" : 79}, {"鈞" : 36}, {"駿" : 36}, {"郡" : 17}, {"竣" : 7}],

 "ㄐㄩㄥ" : [{"窘" : 42}, {"迥" : 16}, {"囧" : 13}, {"炯" : 11}],

 "ㄑㄧ" : [{"其" : 3549}, {"起" : 3051}, {"期" : 2216}, {"氣" : 2111}, {"奇" : 1301}, {"器" : 1013}, {"企" : 811}, {"七" : 535}, {"棄" : 445}, {"啟" : 353}, {"旗" : 332}, {"齊" : 281}, {"汽" : 250}, {"妻" : 233}, {"騎" : 206}, {"契" : 170}, {"漆" : 114}, {"歧" : 113}, {"欺" : 101}, {"泣" : 99}, {"棋" : 95}, {"棲" : 87}, {"豈" : 76}, {"戚" : 65}, {"祈" : 52}, {"迄" : 47}, {"乞" : 45}, {"淒" : 42}, {"綺" : 28}, {"崎" : 26}, {"蹊" : 22}, {"憩" : 21}, {"杞" : 21}, {"琪" : 20}, {"砌" : 19}, {"鰭" : 16}, {"淇" : 14}, {"岐" : 14}, {"訖" : 13}, {"耆" : 13}, {"臍" : 13}, {"祁" : 12}, {"萁" : 10}, {"琦" : 8}, {"錡" : 7}, {"俟" : 7}, {"萋" : 6}, {"栖" : 6}, {"騏" : 6}, {"麒" : 6}],

 "ㄑㄧㄚ" : [{"恰" : 67}, {"洽" : 61}, {"掐" : 26}, {"髂" : 22}],

 "ㄑㄧㄝ" : [{"且" : 963}, {"切" : 731}, {"竊" : 97}, {"怯" : 45}, {"茄" : 19}, {"挈" : 16}, {"篋" : 12}, {"妾" : 11}, {"愜" : 6}],

 "ㄑㄧㄠ" : [{"巧" : 238}, {"橋" : 152}, {"敲" : 148}, {"僑" : 123}, {"喬" : 79}, {"悄" : 47}, {"瞧" : 43}, {"俏" : 37}, {"翹" : 35}, {"竅" : 30}, {"蹺" : 21}, {"峭" : 20}, {"撬" : 13}, {"鞘" : 9}, {"憔" : 8}, {"樵" : 7}],

 "ㄑㄧㄡ" : [{"求" : 1589}, {"球" : 1431}, {"秋" : 251}, {"邱" : 81}, {"丘" : 71}, {"裘" : 55}, {"囚" : 29}, {"糗" : 9}, {"酋" : 9}],

 "ㄑㄧㄢ" : [{"前" : 4166}, {"錢" : 993}, {"千" : 898}, {"簽" : 407}, {"潛" : 238}, {"牽" : 225}, {"遷" : 222}, {"淺" : 177}, {"欠" : 167}, {"歉" : 130}, {"遣" : 102}, {"謙" : 91}, {"籤" : 79}, {"鉛" : 63}, {"譴" : 35}, {"鉗" : 31}, {"嵌" : 23}, {"乾" : 21}, {"黔" : 19}, {"虔" : 15}, {"塹" : 11}, {"慳" : 8}, {"槧" : 8}, {"倩" : 7}, {"愆" : 7}, {"阡" : 6}, {"搴" : 6}],

 "ㄑㄧㄣ" : [{"親" : 1339}, {"侵" : 491}, {"勤" : 250}, {"琴" : 119}, {"寢" : 66}, {"秦" : 54}, {"禽" : 50}, {"欽" : 43}, {"擒" : 31}, {"芹" : 12}, {"衾" : 11}, {"沁" : 8}, {"溱" : 6}],

 "ㄑㄧㄤ" : [{"強" : 1731}, {"槍" : 375}, {"牆" : 256}, {"搶" : 244}, {"腔" : 130}, {"嗆" : 67}, {"鏘" : 13}, {"羌" : 11}, {"薔" : 9}, {"戕" : 8}, {"墻" : 7}, {"瑲" : 7}, {"强" : 6}],

 "ㄑㄧㄥ" : [{"情" : 2879}, {"清" : 1631}, {"輕" : 1196}, {"請" : 921}, {"青" : 704}, {"傾" : 275}, {"慶" : 197}, {"卿" : 78}, {"晴" : 54}, {"氫" : 45}, {"擎" : 43}, {"頃" : 37}, {"氰" : 15}, {"罄" : 8}, {"蜻" : 7}, {"磬" : 7}],

 "ㄑㄩ" : [{"去" : 4420}, {"區" : 1652}, {"取" : 1369}, {"曲" : 482}, {"趣" : 314}, {"屈" : 211}, {"趨" : 202}, {"驅" : 136}, {"軀" : 42}, {"渠" : 38}, {"娶" : 32}, {"齲" : 26}, {"衢" : 14}, {"覷" : 13}, {"祛" : 10}, {"詘" : 8}],

 "ㄑㄩㄝ" : [{"卻" : 1699}, {"確" : 968}, {"缺" : 516}, {"雀" : 105}, {"闕" : 44}, {"鵲" : 30}, {"榷" : 7}, {"瘸" : 6}],

 "ㄑㄩㄢ" : [{"全" : 3267}, {"權" : 2220}, {"圈" : 313}, {"犬" : 206}, {"拳" : 128}, {"泉" : 122}, {"勸" : 113}, {"券" : 110}, {"詮" : 44}, {"悛" : 14}, {"醛" : 11}, {"蜷" : 8}, {"痊" : 7}, {"銓" : 7}],

 "ㄑㄩㄣ" : [{"群" : 766}, {"裙" : 75}],

 "ㄑㄩㄥ" : [{"窮" : 421}, {"瓊" : 70}, {"穹" : 12}, {"煢" : 11}],

 "ㄒㄧ" : [{"習" : 1456}, {"係" : 1411}, {"西" : 1410}, {"系" : 1023}, {"希" : 767}, {"席" : 722}, {"喜" : 705}, {"息" : 699}, {"細" : 581}, {"戲" : 502}, {"吸" : 439}, {"洗" : 381}, {"析" : 283}, {"夕" : 183}, {"惜" : 182}, {"襲" : 164}, {"稀" : 107}, {"悉" : 105}, {"錫" : 92}, {"膝" : 89}, {"繫" : 88}, {"犧" : 77}, {"溪" : 74}, {"隙" : 71}, {"矽" : 53}, {"昔" : 52}, {"媳" : 49}, {"熙" : 42}, {"晰" : 29}, {"嬉" : 28}, {"犀" : 28}, {"嘻" : 27}, {"烯" : 26}, {"兮" : 25}, {"徙" : 25}, {"熄" : 24}, {"蜥" : 15}, {"熹" : 11}, {"璽" : 9}, {"汐" : 9}, {"郤" : 8}, {"奚" : 8}, {"屣" : 8}, {"檄" : 7}, {"舄" : 7}, {"唏" : 7}, {"鬩" : 7}, {"醯" : 7}, {"禧" : 7}],

 "ㄒㄧㄚ" : [{"下" : 5320}, {"夏" : 185}, {"嚇" : 139}, {"瑕" : 80}, {"轄" : 71}, {"廈" : 65}, {"峽" : 60}, {"蝦" : 55}, {"狹" : 52}, {"瞎" : 52}, {"俠" : 48}, {"暇" : 43}, {"霞" : 42}, {"遐" : 25}, {"匣" : 20}, {"狎" : 6}],

 "ㄒㄧㄝ" : [{"些" : 1969}, {"協" : 1060}, {"血" : 786}, {"寫" : 709}, {"謝" : 452}, {"脅" : 170}, {"鞋" : 145}, {"械" : 118}, {"斜" : 97}, {"攜" : 94}, {"邪" : 94}, {"卸" : 86}, {"洩" : 75}, {"挾" : 52}, {"諧" : 50}, {"歇" : 48}, {"瀉" : 39}, {"屑" : 35}, {"蟹" : 32}, {"泄" : 31}, {"懈" : 28}, {"偕" : 27}, {"蠍" : 12}, {"楔" : 10}, {"燮" : 9}, {"榭" : 8}, {"褻" : 8}, {"邂" : 8}, {"擷" : 6}],

 "ㄒㄧㄠ" : [{"小" : 4766}, {"校" : 1543}, {"消" : 958}, {"效" : 875}, {"笑" : 813}, {"銷" : 470}, {"孝" : 114}, {"削" : 108}, {"蕭" : 105}, {"曉" : 101}, {"宵" : 71}, {"嘯" : 53}, {"硝" : 32}, {"囂" : 32}, {"霄" : 29}, {"淆" : 25}, {"肖" : 23}, {"哮" : 23}, {"瀟" : 19}, {"梟" : 18}, {"簫" : 16}, {"逍" : 15}, {"鴞" : 8}, {"驍" : 6}],

 "ㄒㄧㄡ" : [{"修" : 1098}, {"休" : 756}, {"秀" : 232}, {"袖" : 192}, {"羞" : 119}, {"朽" : 69}, {"繡" : 58}, {"銹" : 33}, {"嗅" : 24}, {"鏽" : 19}, {"溴" : 10}, {"咻" : 6}],

 "ㄒㄧㄢ" : [{"現" : 3578}, {"先" : 1645}, {"線" : 1244}, {"顯" : 902}, {"限" : 882}, {"險" : 537}, {"鮮" : 499}, {"縣" : 395}, {"憲" : 348}, {"陷" : 239}, {"獻" : 208}, {"賢" : 193}, {"閒" : 170}, {"嫌" : 147}, {"弦" : 107}, {"仙" : 97}, {"纖" : 90}, {"銜" : 85}, {"掀" : 73}, {"腺" : 73}, {"羨" : 67}, {"閑" : 56}, {"鹹" : 50}, {"涎" : 23}, {"嫻" : 19}, {"餡" : 19}, {"舷" : 13}, {"綫" : 12}, {"咸" : 11}, {"癇" : 8}, {"撏" : 6}, {"羡" : 6}, {"銑" : 6}],

 "ㄒㄧㄣ" : [{"心" : 5246}, {"新" : 4212}, {"信" : 1663}, {"薪" : 735}, {"辛" : 257}, {"欣" : 115}, {"馨" : 40}, {"釁" : 37}, {"鋅" : 30}, {"忻" : 23}, {"芯" : 19}, {"歆" : 7}],

 "ㄒㄧㄤ" : [{"想" : 3892}, {"相" : 3506}, {"向" : 1709}, {"像" : 1328}, {"項" : 891}, {"響" : 825}, {"象" : 806}, {"香" : 698}, {"鄉" : 419}, {"享" : 372}, {"箱" : 218}, {"祥" : 113}, {"詳" : 110}, {"巷" : 95}, {"翔" : 84}, {"降" : 62}, {"橡" : 62}, {"鑲" : 36}, {"嚮" : 26}, {"襄" : 23}, {"廂" : 21}, {"饗" : 15}, {"湘" : 15}, {"驤" : 12}, {"餉" : 12}],

 "ㄒㄧㄥ" : [{"行" : 5051}, {"性" : 3119}, {"形" : 1271}, {"型" : 912}, {"星" : 764}, {"興" : 734}, {"幸" : 365}, {"醒" : 298}, {"刑" : 272}, {"姓" : 201}, {"省" : 72}, {"杏" : 31}, {"腥" : 30}, {"倖" : 29}, {"猩" : 23}, {"惺" : 22}, {"邢" : 16}, {"婞" : 7}, {"悻" : 6}],

 "ㄒㄩ" : [{"許" : 1358}, {"續" : 1176}, {"需" : 1111}, {"須" : 789}, {"虛" : 341}, {"序" : 313}, {"緒" : 300}, {"敘" : 100}, {"蓄" : 84}, {"徐" : 74}, {"恤" : 45}, {"婿" : 41}, {"絮" : 35}, {"旭" : 27}, {"噓" : 27}, {"鬚" : 18}, {"畜" : 16}, {"酗" : 13}, {"戌" : 13}, {"煦" : 13}, {"墟" : 10}, {"栩" : 7}, {"吁" : 7}, {"詡" : 6}],

 "ㄒㄩㄝ" : [{"學" : 5944}, {"雪" : 359}, {"穴" : 105}, {"靴" : 32}, {"薛" : 23}, {"削" : 10}, {"謔" : 9}],

 "ㄒㄩㄢ" : [{"選" : 3805}, {"宣" : 740}, {"懸" : 187}, {"旋" : 180}, {"眩" : 53}, {"玄" : 50}, {"軒" : 35}, {"癬" : 35}, {"喧" : 35}, {"炫" : 33}, {"鉉" : 19}, {"揎" : 18}, {"璿" : 12}, {"暄" : 10}, {"漩" : 9}, {"萱" : 9}, {"瑄" : 9}, {"渲" : 9}, {"絢" : 7}, {"衒" : 7}],

 "ㄒㄩㄣ" : [{"勳" : 1000}, {"訊" : 588}, {"訓" : 305}, {"尋" : 304}, {"詢" : 211}, {"巡" : 149}, {"循" : 146}, {"遜" : 79}, {"迅" : 72}, {"旬" : 53}, {"馴" : 38}, {"殉" : 34}, {"熏" : 30}, {"薰" : 30}, {"勛" : 23}, {"徇" : 20}, {"汛" : 12}, {"醺" : 7}],

 "ㄒㄩㄥ" : [{"雄" : 505}, {"兄" : 202}, {"胸" : 192}, {"熊" : 130}, {"凶" : 55}, {"兇" : 52}, {"洶" : 37}, {"匈" : 9}],

 "ㄓ" : [{"之" : 6502}, {"只" : 3054}, {"知" : 2314}, {"治" : 2191}, {"制" : 2056}, {"至" : 2019}, {"直" : 1630}, {"指" : 1566}, {"職" : 1195}, {"質" : 1188}, {"支" : 1151}, {"值" : 1020}, {"執" : 812}, {"致" : 780}, {"志" : 681}, {"止" : 662}, {"製" : 607}, {"置" : 573}, {"智" : 529}, {"織" : 507}, {"紙" : 437}, {"隻" : 278}, {"枝" : 205}, {"植" : 185}, {"脂" : 158}, {"殖" : 155}, {"誌" : 144}, {"址" : 119}, {"汁" : 95}, {"芷" : 79}, {"旨" : 69}, {"秩" : 66}, {"滯" : 56}, {"稚" : 55}, {"肢" : 53}, {"擲" : 51}, {"芝" : 42}, {"趾" : 41}, {"緻" : 37}, {"幟" : 37}, {"徵" : 32}, {"摯" : 27}, {"峙" : 25}, {"吱" : 25}, {"炙" : 24}, {"祉" : 22}, {"窒" : 20}, {"櫛" : 17}, {"侄" : 17}, {"酯" : 16}, {"咫" : 14}, {"蹠" : 11}, {"陟" : 10}, {"蜘" : 10}, {"雉" : 10}, {"痔" : 9}, {"彘" : 8}, {"姪" : 7}, {"帙" : 7}, {"埴" : 6}],

 "ㄓㄚ" : [{"炸" : 191}, {"詐" : 96}, {"紮" : 63}, {"扎" : 63}, {"渣" : 41}, {"閘" : 37}, {"乍" : 33}, {"榨" : 30}, {"眨" : 17}, {"札" : 16}, {"劄" : 15}, {"吒" : 13}, {"喳" : 9}],

 "ㄓㄜ" : [{"這" : 9880}, {"者" : 5135}, {"著" : 3406}, {"哲" : 508}, {"折" : 412}, {"遮" : 125}, {"轍" : 80}, {"摺" : 26}, {"蔗" : 26}, {"浙" : 22}, {"輒" : 15}, {"褶" : 11}, {"蟄" : 9}, {"赭" : 6}],

 "ㄓㄞ" : [{"寨" : 272}, {"債" : 178}, {"摘" : 143}, {"宅" : 92}, {"窄" : 48}, {"齋" : 21}],

 "ㄓㄠ" : [{"照" : 1090}, {"找" : 718}, {"招" : 406}, {"召" : 229}, {"朝" : 110}, {"罩" : 86}, {"兆" : 81}, {"趙" : 77}, {"昭" : 64}, {"爪" : 54}, {"肇" : 25}, {"釗" : 19}, {"沼" : 15}, {"詔" : 12}, {"櫂" : 6}],

 "ㄓㄡ" : [{"周" : 742}, {"洲" : 656}, {"州" : 400}, {"週" : 313}, {"軸" : 143}, {"舟" : 113}, {"驟" : 67}, {"宙" : 55}, {"晝" : 49}, {"皺" : 43}, {"肘" : 38}, {"咒" : 34}, {"粥" : 28}, {"帚" : 21}, {"縐" : 12}, {"胄" : 8}, {"謅" : 8}],

 "ㄓㄢ" : [{"戰" : 2096}, {"展" : 1484}, {"站" : 801}, {"佔" : 194}, {"占" : 183}, {"暫" : 168}, {"詹" : 95}, {"沾" : 76}, {"斬" : 74}, {"瞻" : 57}, {"粘" : 48}, {"綻" : 30}, {"棧" : 29}, {"氈" : 22}, {"輾" : 18}, {"湛" : 17}, {"嶄" : 16}, {"盞" : 15}, {"蘸" : 6}],

 "ㄓㄣ" : [{"真" : 1898}, {"針" : 477}, {"診" : 355}, {"陣" : 335}, {"震" : 307}, {"振" : 230}, {"珍" : 206}, {"鎮" : 156}, {"枕" : 119}, {"偵" : 80}, {"圳" : 58}, {"貞" : 53}, {"疹" : 27}, {"斟" : 18}, {"賑" : 17}, {"禎" : 16}, {"箴" : 14}, {"甄" : 13}, {"臻" : 9}, {"鴆" : 7}, {"榛" : 7}, {"砧" : 6}],

 "ㄓㄤ" : [{"長" : 4000}, {"張" : 1205}, {"章" : 1177}, {"掌" : 324}, {"障" : 305}, {"帳" : 253}, {"漲" : 241}, {"彰" : 106}, {"丈" : 93}, {"仗" : 73}, {"脹" : 46}, {"杖" : 44}, {"賬" : 18}, {"嶂" : 13}, {"璋" : 12}, {"瘴" : 8}, {"獐" : 6}, {"樟" : 6}],

 "ㄓㄥ" : [{"政" : 6314}, {"正" : 3173}, {"爭" : 1292}, {"證" : 1176}, {"整" : 1146}, {"症" : 384}, {"徵" : 371}, {"鄭" : 148}, {"征" : 146}, {"蒸" : 93}, {"掙" : 56}, {"睜" : 53}, {"箏" : 24}, {"拯" : 20}, {"錚" : 18}, {"癥" : 9}, {"諍" : 9}, {"怔" : 8}, {"幀" : 6}, {"崢" : 6}],

 "ㄓㄨ" : [{"主" : 4180}, {"助" : 1022}, {"住" : 895}, {"注" : 603}, {"逐" : 412}, {"珠" : 310}, {"竹" : 261}, {"豬" : 224}, {"諸" : 200}, {"朱" : 197}, {"駐" : 188}, {"築" : 146}, {"煮" : 144}, {"柱" : 139}, {"祝" : 121}, {"註" : 103}, {"鑄" : 64}, {"燭" : 57}, {"誅" : 46}, {"著" : 46}, {"株" : 42}, {"矚" : 37}, {"銖" : 32}, {"丶" : 26}, {"囑" : 26}, {"貯" : 26}, {"蛀" : 24}, {"蛛" : 24}, {"翥" : 18}, {"茱" : 18}, {"杼" : 16}, {"佇" : 16}, {"箸" : 11}, {"筑" : 11}, {"拄" : 8}, {"侏" : 8}],

 "ㄓㄨㄚ" : [{"抓" : 219}],

 "ㄓㄨㄛ" : [{"桌" : 228}, {"捉" : 137}, {"濁" : 62}, {"卓" : 54}, {"拙" : 53}, {"酌" : 41}, {"茁" : 33}, {"灼" : 23}, {"琢" : 21}, {"斫" : 17}, {"濯" : 17}, {"啄" : 13}, {"鐲" : 9}, {"擢" : 7}],

 "ㄓㄨㄟ" : [{"追" : 556}, {"墜" : 63}, {"錐" : 48}, {"贅" : 29}, {"綴" : 14}, {"椎" : 14}],

 "ㄓㄨㄢ" : [{"轉" : 1525}, {"專" : 1421}, {"賺" : 278}, {"撰" : 99}, {"磚" : 67}, {"傳" : 61}, {"篆" : 14}, {"饌" : 11}],

 "ㄓㄨㄣ" : [{"準" : 764}, {"准" : 176}, {"諄" : 24}],

 "ㄓㄨㄤ" : [{"狀" : 974}, {"裝" : 875}, {"壯" : 222}, {"撞" : 206}, {"莊" : 115}, {"妝" : 91}, {"樁" : 28}, {"庄" : 10}],

 "ㄓㄨㄥ" : [{"中" : 10670}, {"重" : 3119}, {"種" : 2146}, {"眾" : 1504}, {"終" : 812}, {"鐘" : 313}, {"忠" : 291}, {"腫" : 110}, {"仲" : 91}, {"衷" : 69}, {"踵" : 67}, {"鍾" : 32}, {"塚" : 11}, {"衆" : 7}],

 "ㄔ" : [{"持" : 1807}, {"吃" : 1201}, {"齒" : 305}, {"尺" : 251}, {"池" : 198}, {"遲" : 187}, {"赤" : 153}, {"翅" : 111}, {"斥" : 97}, {"恥" : 91}, {"馳" : 88}, {"癡" : 53}, {"侈" : 35}, {"弛" : 24}, {"鴟" : 17}, {"叱" : 17}, {"墀" : 12}, {"熾" : 12}, {"呎" : 9}, {"嗤" : 8}, {"啻" : 8}, {"哧" : 7}, {"痴" : 7}, {"篪" : 7}, {"敕" : 6}],

 "ㄔㄚ" : [{"查" : 886}, {"差" : 766}, {"察" : 646}, {"茶" : 257}, {"插" : 135}, {"叉" : 76}, {"岔" : 18}, {"茬" : 16}, {"碴" : 9}, {"詫" : 8}],

 "ㄔㄜ" : [{"車" : 2032}, {"徹" : 140}, {"扯" : 135}, {"撤" : 102}, {"掣" : 24}, {"澈" : 16}],

 "ㄔㄞ" : [{"拆" : 106}, {"柴" : 89}, {"差" : 37}, {"釵" : 24}, {"豺" : 18}, {"儕" : 11}, {"齜" : 6}],

 "ㄔㄠ" : [{"超" : 923}, {"朝" : 622}, {"潮" : 374}, {"炒" : 105}, {"巢" : 100}, {"抄" : 94}, {"吵" : 88}, {"嘲" : 67}, {"鈔" : 25}],

 "ㄔㄡ" : [{"抽" : 274}, {"籌" : 213}, {"仇" : 146}, {"愁" : 128}, {"醜" : 107}, {"臭" : 103}, {"酬" : 93}, {"稠" : 31}, {"綢" : 30}, {"丑" : 28}, {"疇" : 15}, {"儔" : 12}, {"讎" : 12}, {"躊" : 9}, {"瞅" : 7}],

 "ㄔㄢ" : [{"產" : 2028}, {"纏" : 61}, {"蟬" : 38}, {"顫" : 37}, {"鏟" : 24}, {"禪" : 22}, {"攙" : 19}, {"饞" : 18}, {"闡" : 18}, {"諂" : 16}, {"蟾" : 12}, {"讒" : 12}, {"潺" : 8}, {"剗" : 7}, {"懺" : 7}, {"剷" : 6}],

 "ㄔㄣ" : [{"陳" : 1095}, {"沉" : 272}, {"塵" : 175}, {"晨" : 174}, {"臣" : 137}, {"趁" : 110}, {"襯" : 51}, {"辰" : 35}, {"忱" : 12}, {"嗔" : 11}],

 "ㄔㄤ" : [{"場" : 3289}, {"常" : 2099}, {"長" : 863}, {"廠" : 549}, {"唱" : 537}, {"腸" : 368}, {"昌" : 218}, {"嘗" : 135}, {"償" : 135}, {"暢" : 100}, {"倡" : 91}, {"敞" : 37}, {"嚐" : 17}, {"娼" : 13}, {"悵" : 11}, {"猖" : 8}, {"徜" : 6}],

 "ㄔㄥ" : [{"成" : 6026}, {"程" : 1531}, {"稱" : 876}, {"承" : 721}, {"城" : 613}, {"誠" : 298}, {"乘" : 242}, {"呈" : 180}, {"懲" : 147}, {"撐" : 130}, {"澄" : 70}, {"秤" : 44}, {"逞" : 36}, {"橙" : 20}, {"騁" : 17}, {"瞠" : 9}, {"埕" : 7}],

 "ㄔㄨ" : [{"出" : 7154}, {"處" : 1833}, {"除" : 1292}, {"初" : 798}, {"楚" : 393}, {"觸" : 295}, {"礎" : 206}, {"儲" : 130}, {"廚" : 105}, {"畜" : 53}, {"櫥" : 31}, {"雛" : 28}, {"黜" : 25}, {"芻" : 19}, {"齣" : 16}, {"鋤" : 15}, {"絀" : 14}, {"杵" : 14}, {"躇" : 11}, {"怵" : 10}],

 "ㄔㄨㄛ" : [{"戳" : 28}, {"綽" : 27}, {"輟" : 19}, {"啜" : 10}, {"踔" : 7}, {"歠" : 7}, {"齪" : 6}],

 "ㄔㄨㄟ" : [{"吹" : 201}, {"垂" : 154}, {"椎" : 45}, {"錘" : 38}, {"炊" : 38}, {"槌" : 23}, {"捶" : 19}],

 "ㄔㄨㄢ" : [{"傳" : 1307}, {"川" : 1302}, {"穿" : 417}, {"船" : 357}, {"串" : 144}, {"喘" : 94}, {"椽" : 11}],

 "ㄔㄨㄣ" : [{"春" : 529}, {"純" : 204}, {"唇" : 112}, {"鶉" : 111}, {"醇" : 83}, {"蠢" : 51}, {"淳" : 38}, {"椿" : 9}],

 "ㄔㄨㄤ" : [{"創" : 852}, {"床" : 320}, {"窗" : 168}, {"闖" : 81}, {"瘡" : 50}, {"愴" : 7}, {"幢" : 6}],

 "ㄔㄨㄥ" : [{"衝" : 516}, {"重" : 481}, {"充" : 400}, {"蟲" : 314}, {"寵" : 230}, {"沖" : 125}, {"崇" : 93}, {"忡" : 15}, {"憧" : 9}],

 "ㄕ" : [{"是" : 21600}, {"時" : 7431}, {"事" : 5428}, {"實" : 3655}, {"市" : 2729}, {"世" : 1878}, {"十" : 1736}, {"式" : 1646}, {"示" : 1642}, {"師" : 1599}, {"視" : 1598}, {"食" : 1528}, {"使" : 1509}, {"失" : 1327}, {"勢" : 1188}, {"始" : 1142}, {"士" : 1029}, {"識" : 918}, {"石" : 851}, {"試" : 802}, {"史" : 776}, {"施" : 773}, {"室" : 620}, {"適" : 580}, {"詩" : 532}, {"似" : 415}, {"釋" : 357}, {"飾" : 218}, {"駛" : 133}, {"屍" : 124}, {"濕" : 119}, {"誓" : 112}, {"拾" : 91}, {"逝" : 66}, {"獅" : 60}, {"矢" : 53}, {"氏" : 53}, {"侍" : 50}, {"蝕" : 45}, {"匙" : 39}, {"屎" : 35}, {"虱" : 34}, {"拭" : 32}, {"噬" : 30}, {"恃" : 28}, {"嗜" : 28}, {"豕" : 24}, {"溼" : 20}, {"仕" : 19}, {"什" : 16}, {"舐" : 11}, {"柿" : 9}, {"螫" : 9}, {"弑" : 6}],

 "ㄕㄚ" : [{"殺" : 521}, {"沙" : 438}, {"傻" : 136}, {"莎" : 76}, {"砂" : 74}, {"紗" : 72}, {"鯊" : 50}, {"煞" : 45}, {"啥" : 33}, {"剎" : 16}, {"鎩" : 8}, {"霎" : 8}, {"刹" : 8}],

 "ㄕㄜ" : [{"社" : 2604}, {"什" : 1260}, {"設" : 1136}, {"射" : 414}, {"攝" : 282}, {"涉" : 274}, {"舌" : 245}, {"蛇" : 194}, {"舍" : 154}, {"捨" : 143}, {"奢" : 59}, {"赦" : 26}, {"懾" : 22}, {"賒" : 12}],

 "ㄕㄞ" : [{"曬" : 70}, {"篩" : 52}],

 "ㄕㄟ" : [{"誰" : 435}],

 "ㄕㄠ" : [{"少" : 1799}, {"燒" : 262}, {"稍" : 154}, {"紹" : 99}, {"哨" : 50}, {"梢" : 20}, {"勺" : 18}, {"韶" : 14}, {"筲" : 11}, {"捎" : 10}, {"邵" : 7}, {"芍" : 6}],

 "ㄕㄡ" : [{"手" : 3533}, {"受" : 2121}, {"首" : 1236}, {"收" : 1094}, {"授" : 578}, {"守" : 489}, {"熟" : 408}, {"售" : 324}, {"壽" : 171}, {"獸" : 141}, {"瘦" : 121}, {"狩" : 19}, {"綬" : 7}],

 "ㄕㄢ" : [{"山" : 1492}, {"善" : 770}, {"閃" : 125}, {"扇" : 75}, {"衫" : 66}, {"刪" : 51}, {"珊" : 49}, {"擅" : 48}, {"杉" : 40}, {"柵" : 28}, {"煽" : 22}, {"膳" : 21}, {"陝" : 13}, {"膻" : 12}, {"贍" : 10}, {"搧" : 9}, {"繕" : 9}, {"訕" : 9}, {"跚" : 7}, {"苫" : 7}],

 "ㄕㄣ" : [{"身" : 2264}, {"神" : 1449}, {"深" : 1163}, {"甚" : 920}, {"審" : 460}, {"什" : 400}, {"伸" : 323}, {"申" : 220}, {"慎" : 132}, {"沈" : 119}, {"腎" : 72}, {"滲" : 40}, {"嬸" : 23}, {"瀋" : 23}, {"紳" : 21}, {"呻" : 8}],

 "ㄕㄤ" : [{"上" : 8137}, {"商" : 1477}, {"傷" : 744}, {"尚" : 272}, {"賞" : 250}, {"裳" : 21}, {"晌" : 10}, {"觴" : 8}],

 "ㄕㄥ" : [{"生" : 6862}, {"聲" : 2350}, {"升" : 706}, {"勝" : 551}, {"省" : 320}, {"盛" : 306}, {"聖" : 257}, {"剩" : 196}, {"繩" : 138}, {"牲" : 87}, {"昇" : 25}, {"笙" : 9}, {"甥" : 9}],

 "ㄕㄨ" : [{"數" : 2056}, {"書" : 1795}, {"術" : 933}, {"屬" : 631}, {"樹" : 477}, {"署" : 457}, {"束" : 400}, {"輸" : 354}, {"述" : 328}, {"鼠" : 204}, {"殊" : 202}, {"疏" : 148}, {"舒" : 143}, {"蔬" : 77}, {"叔" : 72}, {"薯" : 68}, {"豎" : 63}, {"淑" : 62}, {"暑" : 54}, {"樞" : 42}, {"贖" : 36}, {"梳" : 32}, {"恕" : 26}, {"孰" : 22}, {"蜀" : 22}, {"抒" : 22}, {"庶" : 18}, {"漱" : 18}, {"曙" : 18}, {"黍" : 18}, {"菽" : 12}, {"鉥" : 10}, {"墅" : 8}, {"紓" : 8}, {"戍" : 6}, {"倏" : 6}],

 "ㄕㄨㄚ" : [{"刷" : 133}, {"耍" : 55}],

 "ㄕㄨㄛ" : [{"說" : 5500}, {"碩" : 119}, {"説" : 37}, {"爍" : 16}, {"鑠" : 16}, {"朔" : 14}, {"妁" : 7}],

 "ㄕㄨㄞ" : [{"帥" : 84}, {"率" : 56}, {"摔" : 48}, {"甩" : 31}, {"衰" : 15}],

 "ㄕㄨㄟ" : [{"水" : 2678}, {"稅" : 752}, {"說" : 466}, {"睡" : 333}],

 "ㄕㄨㄢ" : [{"栓" : 36}, {"拴" : 12}, {"閂" : 11}],

 "ㄕㄨㄣ" : [{"順" : 540}, {"瞬" : 71}, {"舜" : 12}, {"吮" : 9}],

 "ㄕㄨㄤ" : [{"雙" : 887}, {"爽" : 122}, {"霜" : 115}, {"孀" : 9}],

 "ㄖ" : [{"日" : 4811}],

 "ㄖㄜ" : [{"熱" : 986}, {"惹" : 97}],

 "ㄖㄠ" : [{"擾" : 207}, {"繞" : 130}, {"饒" : 36}],

 "ㄖㄡ" : [{"肉" : 818}, {"柔" : 125}, {"揉" : 45}, {"蹂" : 6}],

 "ㄖㄢ" : [{"然" : 4140}, {"染" : 358}, {"燃" : 167}, {"髯" : 7}],

 "ㄖㄣ" : [{"人" : 16450}, {"任" : 2808}, {"認" : 1902}, {"仁" : 302}, {"忍" : 287}, {"刃" : 43}, {"稔" : 26}, {"韌" : 18}, {"紉" : 9}, {"飪" : 7}, {"荏" : 6}, {"妊" : 6}, {"壬" : 6}],

 "ㄖㄤ" : [{"讓" : 3149}, {"壤" : 69}, {"攘" : 33}, {"嚷" : 21}, {"穰" : 8}],

 "ㄖㄥ" : [{"仍" : 723}, {"扔" : 29}],

 "ㄖㄨ" : [{"如" : 4646}, {"入" : 2175}, {"乳" : 182}, {"辱" : 139}, {"儒" : 63}, {"茹" : 28}, {"褥" : 19}, {"濡" : 16}, {"汝" : 16}, {"蠕" : 13}, {"孺" : 11}, {"縟" : 8}],

 "ㄖㄨㄛ" : [{"若" : 991}, {"弱" : 404}],

 "ㄖㄨㄟ" : [{"瑞" : 169}, {"銳" : 86}, {"叡" : 41}, {"蕊" : 24}, {"睿" : 16}, {"枘" : 11}],

 "ㄖㄨㄢ" : [{"軟" : 444}, {"阮" : 31}],

 "ㄖㄨㄣ" : [{"潤" : 103}, {"閏" : 6}],

 "ㄖㄨㄥ" : [{"容" : 1700}, {"榮" : 347}, {"融" : 276}, {"溶" : 81}, {"絨" : 61}, {"蓉" : 27}, {"熔" : 27}, {"戎" : 23}, {"冗" : 18}, {"茸" : 10}, {"榕" : 6}],

 "ㄗ" : [{"自" : 6601}, {"子" : 5594}, {"資" : 2261}, {"字" : 1791}, {"紫" : 135}, {"滋" : 129}, {"姿" : 117}, {"諮" : 91}, {"茲" : 56}, {"孜" : 39}, {"漬" : 37}, {"恣" : 29}, {"籽" : 14}, {"眥" : 14}, {"梓" : 11}, {"孳" : 11}, {"緇" : 9}, {"錙" : 9}, {"滓" : 7}],

 "ㄗㄚ" : [{"雜" : 409}, {"砸" : 31}, {"咂" : 10}, {"匝" : 8}, {"咋" : 8}],

 "ㄗㄜ" : [{"則" : 1558}, {"責" : 736}, {"擇" : 689}, {"澤" : 168}, {"嘖" : 28}, {"昃" : 9}],

 "ㄗㄞ" : [{"在" : 14719}, {"再" : 2261}, {"載" : 447}, {"災" : 319}, {"仔" : 145}, {"栽" : 63}, {"宰" : 45}, {"哉" : 39}],

 "ㄗㄟ" : [{"賊" : 85}],

 "ㄗㄠ" : [{"造" : 1250}, {"早" : 941}, {"遭" : 454}, {"糟" : 97}, {"鑿" : 73}, {"躁" : 59}, {"澡" : 47}, {"灶" : 43}, {"棗" : 40}, {"燥" : 40}, {"皂" : 39}, {"藻" : 36}, {"噪" : 15}, {"蚤" : 11}, {"皁" : 8}],

 "ㄗㄡ" : [{"走" : 1458}, {"奏" : 103}, {"鄒" : 20}, {"揍" : 8}],

 "ㄗㄢ" : [{"讚" : 152}, {"贊" : 97}, {"攢" : 30}, {"簪" : 26}, {"咱" : 11}],

 "ㄗㄣ" : [{"怎" : 785}],

 "ㄗㄤ" : [{"臟" : 126}, {"藏" : 81}, {"葬" : 64}, {"髒" : 63}, {"贓" : 41}, {"臧" : 6}],

 "ㄗㄥ" : [{"增" : 701}, {"贈" : 87}, {"憎" : 10}, {"甑" : 7}],

 "ㄗㄨ" : [{"足" : 1110}, {"組" : 1051}, {"族" : 685}, {"阻" : 245}, {"祖" : 236}, {"租" : 207}, {"卒" : 46}, {"俎" : 12}, {"詛" : 9}],

 "ㄗㄨㄛ" : [{"作" : 5063}, {"做" : 2150}, {"坐" : 430}, {"座" : 422}, {"左" : 385}, {"昨" : 224}, {"佐" : 59}, {"琢" : 11}],

 "ㄗㄨㄟ" : [{"最" : 3688}, {"罪" : 437}, {"嘴" : 363}, {"醉" : 151}, {"蕞" : 6}],

 "ㄗㄨㄢ" : [{"鑽" : 115}, {"纂" : 9}],

 "ㄗㄨㄣ" : [{"尊" : 333}, {"遵" : 93}, {"樽" : 8}],

 "ㄗㄨㄥ" : [{"總" : 2979}, {"宗" : 277}, {"綜" : 183}, {"蹤" : 166}, {"縱" : 165}, {"從" : 31}, {"棕" : 22}, {"鬃" : 6}, {"粽" : 6}],

 "ㄘ" : [{"此" : 2837}, {"次" : 2561}, {"詞" : 558}, {"辭" : 371}, {"刺" : 286}, {"慈" : 145}, {"磁" : 139}, {"瓷" : 60}, {"雌" : 42}, {"疵" : 41}, {"賜" : 35}, {"伺" : 34}, {"祠" : 16}, {"茨" : 8}],

 "ㄘㄚ" : [{"擦" : 159}],

 "ㄘㄜ" : [{"策" : 1213}, {"測" : 427}, {"側" : 175}, {"冊" : 125}, {"廁" : 45}, {"惻" : 9}],

 "ㄘㄞ" : [{"才" : 2100}, {"蔡" : 1080}, {"財" : 590}, {"採" : 522}, {"材" : 479}, {"菜" : 447}, {"裁" : 381}, {"彩" : 293}, {"采" : 125}, {"猜" : 109}, {"踩" : 58}, {"睬" : 9}, {"綵" : 7}],

 "ㄘㄠ" : [{"草" : 600}, {"操" : 327}, {"槽" : 107}, {"曹" : 23}, {"糙" : 17}, {"嘈" : 7}],

 "ㄘㄡ" : [{"湊" : 69}, {"輳" : 6}],

 "ㄘㄢ" : [{"參" : 1001}, {"餐" : 659}, {"殘" : 267}, {"慘" : 183}, {"燦" : 46}, {"蠶" : 32}, {"慚" : 22}, {"摻" : 20}, {"飡" : 9}, {"璨" : 8}, {"驂" : 7}],

 "ㄘㄤ" : [{"藏" : 348}, {"倉" : 80}, {"蒼" : 80}, {"艙" : 63}, {"滄" : 35}],

 "ㄘㄥ" : [{"曾" : 868}, {"層" : 744}, {"蹭" : 7}],

 "ㄘㄨ" : [{"促" : 257}, {"粗" : 191}, {"醋" : 62}, {"猝" : 37}, {"簇" : 23}, {"蹙" : 16}, {"蹴" : 9}],

 "ㄘㄨㄛ" : [{"錯" : 752}, {"措" : 342}, {"挫" : 121}, {"搓" : 32}, {"磋" : 20}, {"厝" : 18}, {"撮" : 18}, {"蹉" : 12}, {"剉" : 9}, {"銼" : 6}],

 "ㄘㄨㄟ" : [{"粹" : 136}, {"脆" : 105}, {"催" : 102}, {"摧" : 68}, {"翠" : 65}, {"萃" : 24}, {"崔" : 17}, {"瘁" : 15}, {"悴" : 11}, {"璀" : 8}, {"榱" : 8}, {"淬" : 6}],

 "ㄘㄨㄢ" : [{"竄" : 69}, {"篡" : 13}, {"爨" : 10}, {"攛" : 7}],

 "ㄘㄨㄣ" : [{"存" : 793}, {"村" : 217}, {"寸" : 169}, {"吋" : 16}, {"忖" : 7}],

 "ㄘㄨㄥ" : [{"從" : 2505}, {"聰" : 105}, {"叢" : 78}, {"匆" : 62}, {"蔥" : 49}, {"囪" : 8}],

 "ㄙ" : [{"司" : 1421}, {"死" : 1362}, {"四" : 1202}, {"思" : 1025}, {"斯" : 743}, {"絲" : 464}, {"私" : 446}, {"似" : 367}, {"飼" : 216}, {"肆" : 74}, {"撕" : 63}, {"廝" : 38}, {"寺" : 33}, {"嘶" : 23}, {"駟" : 19}, {"嗣" : 18}, {"泗" : 15}, {"祀" : 10}],

 "ㄙㄚ" : [{"撒" : 137}, {"薩" : 126}, {"灑" : 85}, {"颯" : 10}],

 "ㄙㄜ" : [{"色" : 1620}, {"塞" : 64}, {"圾" : 50}, {"瑟" : 43}, {"澀" : 31}, {"嗇" : 10}, {"穡" : 6}],

 "ㄙㄞ" : [{"賽" : 549}, {"塞" : 204}, {"腮" : 32}, {"鰓" : 6}],

 "ㄙㄠ" : [{"掃" : 169}, {"騷" : 82}, {"嫂" : 24}, {"搔" : 23}],

 "ㄙㄡ" : [{"搜" : 107}, {"艘" : 30}, {"蒐" : 29}, {"颼" : 16}, {"藪" : 8}, {"嗽" : 7}, {"叟" : 7}, {"擻" : 6}],

 "ㄙㄢ" : [{"三" : 2713}, {"散" : 421}, {"參" : 121}, {"傘" : 50}],

 "ㄙㄣ" : [{"森" : 192}],

 "ㄙㄤ" : [{"喪" : 216}, {"桑" : 176}, {"嗓" : 21}],

 "ㄙㄨ" : [{"訴" : 635}, {"素" : 612}, {"速" : 575}, {"俗" : 345}, {"蘇" : 312}, {"塑" : 213}, {"宿" : 143}, {"肅" : 77}, {"酥" : 52}, {"溯" : 46}, {"粟" : 34}, {"夙" : 19}, {"穌" : 17}, {"甦" : 12}, {"簌" : 8}],

 "ㄙㄨㄛ" : [{"所" : 4169}, {"縮" : 334}, {"索" : 316}, {"鎖" : 182}, {"梭" : 41}, {"瑣" : 35}, {"嗦" : 17}, {"唆" : 11}, {"蓑" : 7}],

 "ㄙㄨㄟ" : [{"雖" : 860}, {"隨" : 803}, {"歲" : 709}, {"碎" : 216}, {"髓" : 81}, {"遂" : 70}, {"穗" : 27}, {"祟" : 14}, {"隋" : 12}, {"隧" : 9}, {"綏" : 9}, {"邃" : 8}, {"嵗" : 7}],

 "ㄙㄨㄢ" : [{"算" : 999}, {"酸" : 445}, {"蒜" : 32}],

 "ㄙㄨㄣ" : [{"損" : 343}, {"孫" : 171}, {"筍" : 19}, {"飧" : 12}, {"榫" : 6}, {"猻" : 6}],

 "ㄙㄨㄥ" : [{"送" : 688}, {"鬆" : 234}, {"松" : 150}, {"宋" : 108}, {"訟" : 105}, {"誦" : 45}, {"頌" : 41}, {"聳" : 29}, {"淞" : 16}, {"崧" : 11}, {"悚" : 7}],

 "ㄚ" : [{"阿" : 838}, {"啊" : 293}],

 "ㄛ" : [{"喔" : 105}, {"哦" : 25}],

 "ㄜ" : [{"惡" : 662}, {"額" : 388}, {"俄" : 193}, {"餓" : 88}, {"阿" : 39}, {"鵝" : 39}, {"扼" : 34}, {"噩" : 27}, {"遏" : 27}, {"訛" : 25}, {"蛾" : 24}, {"噁" : 21}, {"厄" : 21}, {"顎" : 18}, {"愕" : 15}, {"諤" : 13}, {"峨" : 11}, {"堊" : 8}, {"萼" : 7}, {"鱷" : 6}, {"鶚" : 6}],

 "ㄞ" : [{"愛" : 1298}, {"癌" : 213}, {"礙" : 171}, {"哀" : 157}, {"挨" : 67}, {"艾" : 61}, {"矮" : 51}, {"唉" : 25}, {"埃" : 24}, {"隘" : 14}, {"曖" : 14}, {"哎" : 10}, {"藹" : 9}, {"捱" : 9}, {"閡" : 8}, {"靄" : 7}, {"皚" : 7}],

 "ㄠ" : [{"澳" : 296}, {"奧" : 264}, {"傲" : 142}, {"熬" : 66}, {"凹" : 51}, {"拗" : 21}, {"懊" : 12}, {"敖" : 11}, {"翱" : 10}, {"鼇" : 9}, {"聱" : 9}, {"嗷" : 8}, {"驁" : 8}, {"襖" : 6}],

 "ㄡ" : [{"歐" : 750}, {"偶" : 183}, {"嘔" : 34}, {"毆" : 25}, {"鷗" : 12}, {"藕" : 10}, {"漚" : 6}],

 "ㄢ" : [{"安" : 2316}, {"案" : 1628}, {"岸" : 803}, {"暗" : 339}, {"按" : 335}, {"鵪" : 102}, {"胺" : 43}, {"鞍" : 33}, {"黯" : 18}, {"氨" : 17}, {"諳" : 15}, {"銨" : 14}, {"俺" : 11}, {"庵" : 7}],

 "ㄣ" : [{"恩" : 514}, {"嗯" : 34}],

 "ㄤ" : [{"昂" : 81}, {"盎" : 15}],

 "ㄦ" : [{"而" : 5670}, {"二" : 1934}, {"兒" : 1565}, {"爾" : 682}, {"耳" : 526}, {"餌" : 21}, {"邇" : 19}, {"珥" : 7}, {"貳" : 6}],

 "ㄧ" : [{"一" : 19745}, {"以" : 8032}, {"意" : 4306}, {"議" : 2522}, {"已" : 2391}, {"義" : 1765}, {"易" : 1559}, {"醫" : 1437}, {"依" : 831}, {"益" : 766}, {"疑" : 700}, {"異" : 672}, {"衣" : 649}, {"移" : 634}, {"藝" : 548}, {"遺" : 474}, {"億" : 442}, {"宜" : 340}, {"儀" : 289}, {"亦" : 265}, {"伊" : 208}, {"憶" : 180}, {"譯" : 179}, {"役" : 160}, {"翼" : 137}, {"抑" : 117}, {"逸" : 111}, {"疫" : 97}, {"椅" : 92}, {"怡" : 88}, {"乙" : 87}, {"倚" : 83}, {"蟻" : 78}, {"姨" : 73}, {"溢" : 70}, {"誼" : 67}, {"裔" : 65}, {"夷" : 64}, {"毅" : 63}, {"矣" : 38}, {"壹" : 32}, {"頤" : 30}, {"奕" : 29}, {"貽" : 28}, {"繹" : 26}, {"胰" : 22}, {"弈" : 20}, {"挹" : 20}, {"軼" : 19}, {"屹" : 17}, {"臆" : 17}, {"揖" : 16}, {"飴" : 15}, {"邑" : 14}, {"驛" : 12}, {"沂" : 11}, {"弋" : 11}, {"佚" : 10}, {"蜴" : 9}, {"薏" : 8}, {"鎰" : 8}, {"囈" : 8}, {"漪" : 7}, {"咦" : 7}, {"痍" : 6}, {"懿" : 6}, {"彝" : 6}, {"悒" : 6}],

 "ㄧㄚ" : [{"亞" : 976}, {"壓" : 948}, {"牙" : 590}, {"雅" : 269}, {"涯" : 116}, {"押" : 72}, {"呀" : 68}, {"啞" : 60}, {"鴨" : 59}, {"芽" : 49}, {"訝" : 35}, {"軋" : 30}, {"鴉" : 29}, {"崖" : 22}, {"丫" : 10}, {"衙" : 10}, {"睚" : 8}],

 "ㄧㄝ" : [{"也" : 6887}, {"業" : 3829}, {"夜" : 608}, {"野" : 472}, {"葉" : 338}, {"液" : 194}, {"頁" : 175}, {"爺" : 172}, {"耶" : 148}, {"曳" : 31}, {"冶" : 31}, {"腋" : 19}, {"噎" : 19}, {"咽" : 16}, {"椰" : 14}, {"吔" : 6}, {"謁" : 6}],

 "ㄧㄠ" : [{"要" : 7828}, {"藥" : 594}, {"搖" : 313}, {"邀" : 251}, {"腰" : 159}, {"咬" : 131}, {"遙" : 100}, {"耀" : 96}, {"妖" : 76}, {"謠" : 49}, {"姚" : 35}, {"鑰" : 31}, {"夭" : 28}, {"窯" : 25}, {"瑤" : 24}, {"杳" : 23}, {"堯" : 19}, {"肴" : 10}, {"吆" : 8}, {"曜" : 7}, {"鷂" : 7}, {"窈" : 6}, {"舀" : 6}],

 "ㄧㄡ" : [{"有" : 16532}, {"由" : 2081}, {"友" : 1753}, {"又" : 1515}, {"遊" : 839}, {"油" : 717}, {"優" : 670}, {"右" : 344}, {"憂" : 288}, {"尤" : 257}, {"幼" : 257}, {"猶" : 196}, {"游" : 140}, {"郵" : 137}, {"誘" : 135}, {"幽" : 107}, {"悠" : 68}, {"佑" : 40}, {"攸" : 28}, {"柚" : 18}, {"黝" : 12}, {"宥" : 12}, {"牖" : 11}, {"莠" : 11}, {"祐" : 10}, {"魷" : 10}, {"釉" : 9}, {"酉" : 9}, {"疣" : 8}, {"蕕" : 7}, {"囿" : 7}],

 "ㄧㄢ" : [{"言" : 2392}, {"眼" : 1344}, {"演" : 1091}, {"驗" : 851}, {"研" : 800}, {"嚴" : 778}, {"延" : 532}, {"煙" : 297}, {"鹽" : 267}, {"炎" : 244}, {"顏" : 232}, {"燕" : 161}, {"厭" : 154}, {"掩" : 115}, {"沿" : 111}, {"宴" : 99}, {"岩" : 86}, {"豔" : 73}, {"衍" : 58}, {"菸" : 58}, {"雁" : 52}, {"咽" : 42}, {"醃" : 39}, {"偃" : 38}, {"焉" : 35}, {"焰" : 32}, {"妍" : 31}, {"晏" : 31}, {"淹" : 30}, {"彥" : 23}, {"儼" : 20}, {"諺" : 19}, {"簷" : 17}, {"奄" : 16}, {"魘" : 13}, {"艷" : 11}, {"讞" : 11}, {"閻" : 10}, {"堰" : 10}, {"硯" : 10}, {"筵" : 9}, {"嚥" : 8}, {"湮" : 8}, {"閹" : 7}, {"唁" : 7}, {"嫣" : 7}, {"蜒" : 6}, {"饜" : 6}, {"巖" : 6}],

 "ㄧㄣ" : [{"因" : 4024}, {"引" : 1148}, {"音" : 1105}, {"印" : 744}, {"飲" : 379}, {"銀" : 349}, {"隱" : 326}, {"陰" : 217}, {"寅" : 171}, {"姻" : 89}, {"淫" : 86}, {"癮" : 59}, {"吟" : 57}, {"殷" : 54}, {"蔭" : 37}, {"茵" : 23}, {"蚓" : 9}, {"尹" : 8}],

 "ㄧㄤ" : [{"樣" : 2419}, {"養" : 997}, {"洋" : 600}, {"陽" : 516}, {"央" : 423}, {"揚" : 380}, {"羊" : 219}, {"仰" : 162}, {"氧" : 156}, {"楊" : 108}, {"癢" : 69}, {"殃" : 32}, {"佯" : 28}, {"秧" : 14}, {"恙" : 13}, {"瘍" : 12}, {"鞅" : 12}, {"怏" : 10}, {"泱" : 7}, {"鴦" : 6}, {"颺" : 6}],

 "ㄧㄥ" : [{"應" : 2534}, {"迎" : 1821}, {"英" : 1717}, {"影" : 1584}, {"營" : 815}, {"映" : 420}, {"硬" : 407}, {"贏" : 209}, {"盈" : 139}, {"鷹" : 121}, {"螢" : 104}, {"嬰" : 61}, {"蠅" : 57}, {"穎" : 51}, {"瑛" : 43}, {"瑩" : 38}, {"鶯" : 37}, {"櫻" : 30}, {"膺" : 25}, {"纓" : 20}, {"鸚" : 15}, {"縈" : 10}, {"熒" : 10}, {"郢" : 8}, {"嚶" : 6}],

 "ㄨ" : [{"無" : 4953}, {"物" : 3081}, {"務" : 1794}, {"五" : 1388}, {"武" : 662}, {"舞" : 407}, {"誤" : 350}, {"吳" : 338}, {"午" : 338}, {"屋" : 288}, {"烏" : 218}, {"汙" : 181}, {"污" : 165}, {"霧" : 136}, {"悟" : 87}, {"勿" : 86}, {"伍" : 84}, {"吾" : 46}, {"晤" : 37}, {"巫" : 31}, {"毋" : 28}, {"侮" : 26}, {"惡" : 21}, {"兀" : 18}, {"誣" : 17}, {"嗚" : 16}, {"梧" : 16}, {"塢" : 15}, {"鵡" : 15}, {"戊" : 15}, {"鶩" : 13}, {"鎢" : 11}, {"騖" : 10}, {"蕪" : 10}, {"捂" : 6}],

 "ㄨㄚ" : [{"瓦" : 271}, {"挖" : 109}, {"蛙" : 104}, {"娃" : 55}, {"襪" : 45}, {"哇" : 42}, {"窪" : 14}],

 "ㄨㄛ" : [{"我" : 8325}, {"握" : 281}, {"臥" : 139}, {"窩" : 105}, {"渦" : 40}, {"蝸" : 33}, {"沃" : 32}, {"幄" : 16}, {"斡" : 11}, {"渥" : 7}, {"齷" : 6}],

 "ㄨㄞ" : [{"外" : 3914}, {"歪" : 72}, {"崴" : 24}],

 "ㄨㄟ" : [{"為" : 9903}, {"位" : 2369}, {"未" : 2191}, {"委" : 1457}, {"維" : 699}, {"違" : 663}, {"威" : 625}, {"衛" : 578}, {"味" : 568}, {"微" : 564}, {"危" : 475}, {"圍" : 455}, {"尾" : 314}, {"謂" : 291}, {"唯" : 269}, {"偉" : 269}, {"慰" : 171}, {"胃" : 133}, {"爲" : 133}, {"偽" : 101}, {"畏" : 83}, {"餵" : 83}, {"惟" : 73}, {"瑋" : 54}, {"緯" : 40}, {"萎" : 37}, {"帷" : 34}, {"娓" : 33}, {"魏" : 33}, {"韋" : 28}, {"偎" : 20}, {"暐" : 20}, {"薇" : 19}, {"渭" : 18}, {"蔚" : 17}, {"巍" : 16}, {"尉" : 16}, {"葦" : 14}, {"桅" : 14}, {"喂" : 10}, {"諉" : 9}, {"猥" : 6}, {"韡" : 6}],

 "ㄨㄢ" : [{"灣" : 3640}, {"萬" : 1724}, {"完" : 1346}, {"玩" : 529}, {"晚" : 502}, {"彎" : 155}, {"碗" : 100}, {"挽" : 62}, {"丸" : 49}, {"頑" : 46}, {"腕" : 45}, {"宛" : 36}, {"婉" : 36}, {"烷" : 21}, {"紈" : 13}, {"剜" : 9}, {"惋" : 9}, {"豌" : 8}],

 "ㄨㄣ" : [{"文" : 5989}, {"問" : 2947}, {"聞" : 1316}, {"溫" : 603}, {"穩" : 382}, {"紋" : 89}, {"吻" : 57}, {"雯" : 35}, {"蚊" : 26}, {"塭" : 19}, {"汶" : 15}, {"瘟" : 14}, {"刎" : 9}, {"紊" : 7}],

 "ㄨㄤ" : [{"網" : 1532}, {"望" : 1321}, {"往" : 1089}, {"王" : 738}, {"忘" : 390}, {"亡" : 381}, {"旺" : 90}, {"妄" : 85}, {"汪" : 72}, {"枉" : 61}, {"罔" : 30}, {"惘" : 18}],

 "ㄨㄥ" : [{"翁" : 114}, {"甕" : 26}, {"嗡" : 17}],

 "ㄩ" : [{"與" : 5996}, {"於" : 5298}, {"育" : 1522}, {"語" : 1275}, {"魚" : 793}, {"預" : 763}, {"玉" : 526}, {"雨" : 526}, {"域" : 524}, {"遇" : 501}, {"餘" : 429}, {"彧" : 300}, {"欲" : 255}, {"予" : 251}, {"愈" : 250}, {"宇" : 156}, {"漁" : 154}, {"譽" : 143}, {"羽" : 121}, {"籲" : 114}, {"逾" : 102}, {"浴" : 93}, {"愚" : 91}, {"輿" : 87}, {"獄" : 84}, {"瑜" : 83}, {"鬱" : 83}, {"禦" : 83}, {"娛" : 78}, {"喻" : 63}, {"慾" : 56}, {"芋" : 56}, {"愉" : 55}, {"裕" : 53}, {"余" : 52}, {"豫" : 51}, {"寓" : 49}, {"癒" : 44}, {"于" : 38}, {"虞" : 38}, {"郁" : 37}, {"嶼" : 36}, {"榆" : 29}, {"隅" : 29}, {"御" : 22}, {"鬻" : 21}, {"渝" : 21}, {"毓" : 20}, {"馭" : 20}, {"諭" : 18}, {"迂" : 16}, {"鷸" : 15}, {"紆" : 15}, {"淤" : 15}, {"諛" : 15}, {"鈺" : 12}, {"盂" : 10}, {"昱" : 9}, {"瘀" : 9}, {"蜮" : 8}, {"覦" : 8}, {"禹" : 7}, {"齬" : 7}, {"妤" : 6}, {"飫" : 6}, {"揄" : 6}, {"腴" : 6}],

 "ㄩㄝ" : [{"月" : 3084}, {"約" : 1089}, {"越" : 1080}, {"閱" : 306}, {"躍" : 128}, {"悅" : 78}, {"樂" : 71}, {"嶽" : 23}, {"岳" : 21}, {"粵" : 16}, {"曰" : 12}, {"鉞" : 7}, {"刖" : 6}],

 "ㄩㄢ" : [{"員" : 2968}, {"院" : 2165}, {"原" : 1913}, {"元" : 1406}, {"遠" : 1028}, {"源" : 824}, {"園" : 813}, {"願" : 780}, {"怨" : 328}, {"圓" : 324}, {"援" : 255}, {"緣" : 246}, {"冤" : 83}, {"淵" : 71}, {"猿" : 47}, {"垣" : 26}, {"轅" : 24}, {"苑" : 23}, {"媛" : 11}, {"袁" : 9}, {"沅" : 9}, {"鳶" : 9}, {"鴛" : 9}, {"愿" : 7}],

 "ㄩㄣ" : [{"運" : 1620}, {"雲" : 662}, {"允" : 109}, {"暈" : 80}, {"孕" : 72}, {"昀" : 69}, {"韻" : 64}, {"云" : 38}, {"勻" : 32}, {"蘊" : 29}, {"耘" : 16}, {"芸" : 16}, {"紜" : 15}, {"熨" : 11}, {"醞" : 11}, {"隕" : 11}, {"殞" : 8}, {"韞" : 7}, {"筠" : 6}],

 "ㄩㄥ" : [{"用" : 4612}, {"永" : 418}, {"擁" : 394}, {"勇" : 297}, {"湧" : 83}, {"庸" : 82}, {"詠" : 55}, {"泳" : 53}, {"傭" : 30}, {"雍" : 18}, {"踴" : 15}, {"癰" : 13}, {"俑" : 11}, {"慵" : 9}, {"壅" : 7}, {"饔" : 7}]
}