{

 "ㄅㄚ" : [{"八" : 692}, {"巴" : 585}, {"叭" : 27}, {"芭" : 21}, {"扒" : 20}, {"吧" : 15}, {"疤" : 12}, {"粑" : 5}],

 "ㄅㄚˇ" : [{"把" : 1510}, {"靶" : 33}],

 "ㄅㄚˊ" : [{"拔" : 265}, {"跋" : 33}],

 "ㄅㄚˋ" : [{"爸" : 415}, {"罷" : 222}, {"霸" : 147}, {"壩" : 21}, {"把" : 5}, {"耙" : 5}],

 "ㄅㄚ˙" : [{"吧" : 374}],

 "ㄅㄛ" : [{"波" : 527}, {"播" : 337}, {"撥" : 145}, {"剝" : 109}, {"玻" : 91}, {"缽" : 16}, {"蕃" : 4}],

 "ㄅㄛˇ" : [{"跛" : 21}, {"簸" : 7}],

 "ㄅㄛˊ" : [{"博" : 502}, {"伯" : 236}, {"薄" : 86}, {"柏" : 79}, {"駁" : 78}, {"搏" : 56}, {"蔔" : 51}, {"勃" : 50}, {"脖" : 27}, {"帛" : 27}, {"箔" : 19}, {"泊" : 15}, {"舶" : 12}, {"礴" : 7}, {"膊" : 5}],

 "ㄅㄛˋ" : [{"檗" : 6}, {"薄" : 4}, {"擘" : 4}, {"簸" : 2}],

 "ㄅㄛ˙" : [{"卜" : 38}],

 "ㄅㄞ" : [{"擘" : 13}, {"掰" : 10}],

 "ㄅㄞˇ" : [{"百" : 1144}, {"擺" : 249}, {"柏" : 85}, {"捭" : 7}, {"伯" : 2}],

 "ㄅㄞˊ" : [{"白" : 1409}],

 "ㄅㄞˋ" : [{"敗" : 503}, {"拜" : 271}],

 "ㄅㄟ" : [{"悲" : 234}, {"杯" : 180}, {"卑" : 126}, {"碑" : 61}, {"盃" : 33}, {"揹" : 14}, {"背" : 5}, {"陂" : 4}],

 "ㄅㄟˇ" : [{"北" : 2684}],

 "ㄅㄟˋ" : [{"被" : 2584}, {"備" : 933}, {"背" : 652}, {"倍" : 443}, {"輩" : 253}, {"貝" : 187}, {"悖" : 28}, {"憊" : 18}, {"狽" : 17}, {"焙" : 16}, {"鋇" : 7}],

 "ㄅㄟ˙" : [{"臂" : 2}],

 "ㄅㄠ" : [{"包" : 1269}, {"胞" : 207}, {"褒" : 19}, {"苞" : 15}, {"孢" : 6}],

 "ㄅㄠˇ" : [{"保" : 2311}, {"寶" : 423}, {"飽" : 165}, {"堡" : 96}, {"葆" : 11}],

 "ㄅㄠˊ" : [{"薄" : 189}, {"雹" : 7}],

 "ㄅㄠˋ" : [{"報" : 2215}, {"抱" : 422}, {"暴" : 397}, {"爆" : 373}, {"豹" : 64}, {"鮑" : 10}, {"刨" : 7}],

 "ㄅㄢ" : [{"班" : 1095}, {"般" : 499}, {"搬" : 150}, {"斑" : 128}, {"頒" : 37}, {"扳" : 22}, {"瘢" : 10}],

 "ㄅㄢˇ" : [{"版" : 579}, {"板" : 538}, {"闆" : 220}, {"阪" : 27}, {"坂" : 7}],

 "ㄅㄢˋ" : [{"辦" : 1104}, {"半" : 1033}, {"伴" : 439}, {"扮" : 140}, {"拌" : 32}, {"瓣" : 24}, {"絆" : 19}],

 "ㄅㄣ" : [{"奔" : 111}],

 "ㄅㄣˇ" : [{"本" : 3956}, {"苯" : 36}],

 "ㄅㄣˋ" : [{"笨" : 58}, {"奔" : 10}],

 "ㄅㄤ" : [{"幫" : 692}, {"邦" : 305}, {"梆" : 18}],

 "ㄅㄤˇ" : [{"榜" : 119}, {"綁" : 101}, {"膀" : 32}],

 "ㄅㄤˋ" : [{"棒" : 338}, {"傍" : 46}, {"蚌" : 26}, {"磅" : 24}, {"謗" : 23}, {"鎊" : 11}],

 "ㄅㄥ" : [{"崩" : 132}],

 "ㄅㄥˇ" : [{"繃" : 37}],

 "ㄅㄥˊ" : [{"甭" : 5}],

 "ㄅㄥˋ" : [{"泵" : 35}, {"蹦" : 25}, {"迸" : 14}, {"蚌" : 2}],

 "ㄅㄧ" : [{"逼" : 174}],

 "ㄅㄧˇ" : [{"比" : 2110}, {"筆" : 556}, {"彼" : 174}, {"鄙" : 43}, {"匕" : 6}, {"俾" : 5}],

 "ㄅㄧˊ" : [{"鼻" : 221}],

 "ㄅㄧˋ" : [{"必" : 1387}, {"避" : 479}, {"畢" : 450}, {"幣" : 325}, {"閉" : 209}, {"壁" : 202}, {"弊" : 114}, {"臂" : 97}, {"碧" : 75}, {"蔽" : 60}, {"斃" : 56}, {"璧" : 56}, {"敝" : 50}, {"庇" : 22}, {"痺" : 15}, {"婢" : 14}, {"篳" : 11}, {"嗶" : 10}, {"痹" : 7}, {"辟" : 6}, {"蓽" : 6}, {"賁" : 3}],

 "ㄅㄧㄝ" : [{"鱉" : 15}, {"憋" : 9}],

 "ㄅㄧㄝˇ" : [{"癟" : 8}],

 "ㄅㄧㄝˊ" : [{"別" : 1635}],

 "ㄅㄧㄝˋ" : [{"彆" : 7}],

 "ㄅㄧㄠ" : [{"標" : 1028}, {"飆" : 62}, {"鑣" : 21}, {"彪" : 12}, {"鏢" : 8}, {"膘" : 8}, {"杓" : 3}],

 "ㄅㄧㄠˇ" : [{"表" : 3982}, {"錶" : 58}, {"裱" : 6}],

 "ㄅㄧㄢ" : [{"邊" : 1160}, {"編" : 368}, {"鞭" : 77}, {"蝙" : 8}],

 "ㄅㄧㄢˇ" : [{"扁" : 223}, {"貶" : 54}, {"匾" : 8}],

 "ㄅㄧㄢˋ" : [{"變" : 2050}, {"便" : 849}, {"辯" : 222}, {"遍" : 190}, {"辨" : 107}, {"辮" : 14}],

 "ㄅㄧㄣ" : [{"賓" : 200}, {"瀕" : 35}, {"濱" : 33}, {"彬" : 32}, {"斌" : 23}, {"檳" : 11}, {"繽" : 10}],

 "ㄅㄧㄣˋ" : [{"鬢" : 31}, {"殯" : 18}],

 "ㄅㄧㄥ" : [{"兵" : 610}, {"冰" : 424}],

 "ㄅㄧㄥˇ" : [{"餅" : 107}, {"秉" : 80}, {"炳" : 42}, {"柄" : 40}, {"丙" : 35}, {"稟" : 18}, {"屏" : 7}, {"摒" : 5}],

 "ㄅㄧㄥˋ" : [{"並" : 2700}, {"病" : 1345}, {"併" : 116}],

 "ㄅㄨ" : [{"逋" : 6}, {"餔" : 2}],

 "ㄅㄨˇ" : [{"補" : 732}, {"捕" : 200}, {"哺" : 36}, {"卜" : 8}, {"堡" : 2}],

 "ㄅㄨˊ" : [{"不" : 2582}],

 "ㄅㄨˋ" : [{"不" : 20540}, {"部" : 3296}, {"步" : 1167}, {"布" : 1004}, {"佈" : 219}, {"怖" : 72}, {"簿" : 56}, {"埔" : 30}, {"埠" : 16}, {"咘" : 9}, {"餔" : 3}],

 "ㄆㄚ" : [{"趴" : 47}, {"啪" : 14}, {"葩" : 11}],

 "ㄆㄚˊ" : [{"爬" : 125}, {"琶" : 19}, {"耙" : 5}, {"扒" : 4}],

 "ㄆㄚˋ" : [{"怕" : 510}, {"帕" : 11}],

 "ㄆㄛ" : [{"坡" : 131}, {"潑" : 103}, {"頗" : 91}, {"泊" : 40}],

 "ㄆㄛˊ" : [{"婆" : 211}],

 "ㄆㄛˋ" : [{"破" : 810}, {"迫" : 276}, {"魄" : 100}, {"珀" : 10}],

 "ㄆㄞ" : [{"拍" : 386}],

 "ㄆㄞˊ" : [{"排" : 839}, {"牌" : 488}, {"徘" : 8}],

 "ㄆㄞˋ" : [{"派" : 730}, {"湃" : 11}],

 "ㄆㄟ" : [{"胚" : 36}],

 "ㄆㄟˊ" : [{"陪" : 299}, {"培" : 208}, {"賠" : 139}],

 "ㄆㄟˋ" : [{"配" : 615}, {"佩" : 95}, {"沛" : 30}, {"轡" : 15}, {"珮" : 9}],

 "ㄆㄠ" : [{"拋" : 119}, {"抛" : 9}, {"泡" : 3}],

 "ㄆㄠˇ" : [{"跑" : 393}],

 "ㄆㄠˊ" : [{"袍" : 37}, {"刨" : 19}, {"咆" : 10}, {"庖" : 8}],

 "ㄆㄠˋ" : [{"泡" : 170}, {"炮" : 124}, {"砲" : 65}],

 "ㄆㄡ" : [{"剖" : 86}],

 "ㄆㄡˊ" : [{"掊" : 3}],

 "ㄆㄢ" : [{"潘" : 108}, {"攀" : 81}, {"番" : 3}],

 "ㄆㄢˊ" : [{"盤" : 419}, {"蟠" : 19}, {"磐" : 17}, {"槃" : 14}, {"蹣" : 7}],

 "ㄆㄢˋ" : [{"判" : 686}, {"拚" : 93}, {"盼" : 89}, {"叛" : 79}, {"畔" : 9}],

 "ㄆㄣ" : [{"噴" : 121}],

 "ㄆㄣˊ" : [{"盆" : 85}],

 "ㄆㄤ" : [{"乓" : 6}, {"滂" : 4}],

 "ㄆㄤˊ" : [{"旁" : 299}, {"龐" : 83}, {"磅" : 6}, {"徬" : 5}, {"膀" : 4}, {"彷" : 3}],

 "ㄆㄤˋ" : [{"胖" : 110}],

 "ㄆㄥ" : [{"烹" : 58}, {"抨" : 27}, {"澎" : 21}, {"砰" : 10}],

 "ㄆㄥˇ" : [{"捧" : 61}],

 "ㄆㄥˊ" : [{"朋" : 669}, {"蓬" : 84}, {"棚" : 70}, {"膨" : 39}, {"篷" : 39}, {"彭" : 35}, {"鵬" : 25}, {"硼" : 7}],

 "ㄆㄥˋ" : [{"碰" : 152}],

 "ㄆㄧ" : [{"批" : 556}, {"披" : 124}, {"劈" : 40}, {"坯" : 13}, {"霹" : 7}, {"紕" : 5}, {"被" : 3}],

 "ㄆㄧˇ" : [{"匹" : 55}, {"癖" : 33}, {"痞" : 8}, {"否" : 5}, {"劈" : 3}],

 "ㄆㄧˊ" : [{"皮" : 597}, {"疲" : 92}, {"脾" : 61}, {"啤" : 21}, {"琵" : 17}, {"毗" : 8}, {"蚍" : 7}, {"羆" : 6}, {"埤" : 3}, {"枇" : 3}],

 "ㄆㄧˋ" : [{"屁" : 58}, {"闢" : 44}, {"僻" : 30}, {"譬" : 26}, {"辟" : 14}, {"媲" : 8}],

 "ㄆㄧㄝ" : [{"撇" : 44}, {"瞥" : 10}],

 "ㄆㄧㄝˇ" : [{"撇" : 3}],

 "ㄆㄧㄠ" : [{"飄" : 140}, {"漂" : 25}, {"剽" : 7}],

 "ㄆㄧㄠˇ" : [{"殍" : 7}, {"漂" : 7}, {"瞟" : 4}],

 "ㄆㄧㄠˊ" : [{"瓢" : 20}, {"嫖" : 8}],

 "ㄆㄧㄠˋ" : [{"票" : 1005}, {"漂" : 91}],

 "ㄆㄧㄢ" : [{"偏" : 347}, {"片" : 232}, {"篇" : 228}, {"翩" : 25}, {"扁" : 2}],

 "ㄆㄧㄢˊ" : [{"便" : 85}, {"駢" : 19}, {"胼" : 7}],

 "ㄆㄧㄢˋ" : [{"片" : 891}, {"騙" : 167}],

 "ㄆㄧㄣ" : [{"拼" : 152}, {"姘" : 5}],

 "ㄆㄧㄣˇ" : [{"品" : 2013}],

 "ㄆㄧㄣˊ" : [{"貧" : 230}, {"頻" : 223}, {"顰" : 8}, {"蠙" : 6}],

 "ㄆㄧㄣˋ" : [{"聘" : 167}, {"牝" : 10}],

 "ㄆㄧㄥ" : [{"娉" : 9}, {"乒" : 8}],

 "ㄆㄧㄥˊ" : [{"平" : 2651}, {"評" : 870}, {"憑" : 141}, {"瓶" : 122}, {"屏" : 113}, {"蘋" : 94}, {"坪" : 42}, {"萍" : 31}],

 "ㄆㄨ" : [{"撲" : 100}, {"仆" : 7}, {"噗" : 7}],

 "ㄆㄨˇ" : [{"普" : 1467}, {"埔" : 231}, {"譜" : 99}, {"樸" : 66}, {"浦" : 33}, {"朴" : 30}, {"溥" : 8}, {"圃" : 6}],

 "ㄆㄨˊ" : [{"葡" : 59}, {"僕" : 43}, {"蒲" : 34}, {"菩" : 15}, {"璞" : 14}, {"脯" : 9}, {"匍" : 7}, {"濮" : 6}],

 "ㄆㄨˋ" : [{"鋪" : 149}, {"曝" : 49}, {"瀑" : 26}, {"舖" : 15}, {"暴" : 4}],

 "ㄇㄚ" : [{"媽" : 1230}, {"嬤" : 78}, {"抹" : 2}],

 "ㄇㄚˇ" : [{"馬" : 1773}, {"碼" : 325}, {"瑪" : 79}, {"螞" : 15}],

 "ㄇㄚˊ" : [{"麻" : 356}, {"蟆" : 9}],

 "ㄇㄚˋ" : [{"罵" : 205}, {"駡" : 28}],

 "ㄇㄚ˙" : [{"嗎" : 939}, {"嘛" : 76}],

 "ㄇㄛ" : [{"摸" : 147}],

 "ㄇㄛˇ" : [{"抹" : 112}],

 "ㄇㄛˊ" : [{"摩" : 1081}, {"模" : 526}, {"磨" : 257}, {"膜" : 144}, {"魔" : 121}, {"麽" : 38}, {"摹" : 17}, {"謨" : 6}, {"蘑" : 6}],

 "ㄇㄛˋ" : [{"末" : 285}, {"莫" : 262}, {"默" : 261}, {"墨" : 210}, {"陌" : 71}, {"漠" : 56}, {"沫" : 31}, {"寞" : 26}, {"秣" : 19}, {"磨" : 12}, {"抹" : 7}, {"驀" : 5}],

 "ㄇㄜ˙" : [{"麼" : 3152}, {"么" : 13}],

 "ㄇㄞˇ" : [{"買" : 764}],

 "ㄇㄞˊ" : [{"埋" : 70}, {"霾" : 12}],

 "ㄇㄞˋ" : [{"賣" : 624}, {"麥" : 209}, {"脈" : 195}, {"邁" : 158}],

 "ㄇㄟˇ" : [{"美" : 5340}, {"每" : 1460}, {"鎂" : 39}],

 "ㄇㄟˊ" : [{"沒" : 4091}, {"媒" : 631}, {"眉" : 247}, {"梅" : 215}, {"煤" : 166}, {"湄" : 52}, {"枚" : 46}, {"黴" : 37}, {"玫" : 34}, {"酶" : 20}, {"楣" : 14}, {"莓" : 6}, {"糜" : 2}],

 "ㄇㄟˋ" : [{"妹" : 304}, {"昧" : 59}, {"魅" : 52}, {"媚" : 48}, {"袂" : 25}, {"寐" : 20}],

 "ㄇㄠ" : [{"貓" : 330}],

 "ㄇㄠˇ" : [{"卯" : 20}],

 "ㄇㄠˊ" : [{"毛" : 578}, {"矛" : 139}, {"茅" : 52}, {"錨" : 18}, {"髦" : 13}],

 "ㄇㄠˋ" : [{"貿" : 857}, {"貌" : 221}, {"冒" : 186}, {"帽" : 120}, {"茂" : 51}],

 "ㄇㄡˇ" : [{"某" : 371}],

 "ㄇㄡˊ" : [{"謀" : 319}, {"繆" : 25}, {"眸" : 13}, {"牟" : 6}],

 "ㄇㄢˇ" : [{"滿" : 1252}],

 "ㄇㄢˊ" : [{"蠻" : 74}, {"瞞" : 49}, {"謾" : 22}, {"埋" : 6}, {"蔓" : 2}],

 "ㄇㄢˋ" : [{"慢" : 448}, {"漫" : 177}, {"曼" : 133}, {"蔓" : 37}, {"幔" : 6}],

 "ㄇㄣˊ" : [{"門" : 1882}, {"捫" : 18}],

 "ㄇㄣˋ" : [{"悶" : 96}],

 "ㄇㄣ˙" : [{"們" : 4338}],

 "ㄇㄤˇ" : [{"莽" : 25}, {"蟒" : 6}],

 "ㄇㄤˊ" : [{"忙" : 383}, {"盲" : 107}, {"芒" : 65}, {"茫" : 52}, {"氓" : 10}],

 "ㄇㄥˇ" : [{"猛" : 142}, {"錳" : 13}, {"懵" : 8}, {"蒙" : 3}],

 "ㄇㄥˊ" : [{"盟" : 585}, {"蒙" : 152}, {"萌" : 33}, {"檬" : 21}, {"濛" : 11}, {"朦" : 7}, {"甍" : 6}, {"矇" : 4}, {"氓" : 2}],

 "ㄇㄥˋ" : [{"夢" : 430}, {"孟" : 103}],

 "ㄇㄧ" : [{"咪" : 81}, {"眯" : 9}],

 "ㄇㄧˇ" : [{"米" : 373}, {"弭" : 17}, {"靡" : 12}, {"眯" : 3}],

 "ㄇㄧˊ" : [{"迷" : 380}, {"彌" : 67}, {"靡" : 66}, {"獼" : 55}, {"謎" : 34}, {"糜" : 19}, {"醚" : 14}, {"瀰" : 9}],

 "ㄇㄧˋ" : [{"密" : 561}, {"秘" : 309}, {"蜜" : 109}, {"覓" : 56}, {"泌" : 48}, {"祕" : 33}, {"冪" : 12}],

 "ㄇㄧㄝˋ" : [{"滅" : 213}, {"蔑" : 20}, {"衊" : 9}],

 "ㄇㄧㄠ" : [{"喵" : 8}],

 "ㄇㄧㄠˇ" : [{"秒" : 93}, {"渺" : 38}, {"藐" : 18}, {"邈" : 7}],

 "ㄇㄧㄠˊ" : [{"苗" : 127}, {"描" : 107}, {"瞄" : 22}],

 "ㄇㄧㄠˋ" : [{"妙" : 177}, {"廟" : 102}],

 "ㄇㄧㄡˋ" : [{"謬" : 82}],

 "ㄇㄧㄢˇ" : [{"免" : 734}, {"緬" : 183}, {"勉" : 86}, {"冕" : 21}, {"娩" : 5}],

 "ㄇㄧㄢˊ" : [{"棉" : 129}, {"眠" : 114}, {"綿" : 82}],

 "ㄇㄧㄢˋ" : [{"面" : 3619}, {"麵" : 315}],

 "ㄇㄧㄣˇ" : [{"閔" : 313}, {"敏" : 192}, {"閩" : 22}, {"憫" : 12}, {"泯" : 9}, {"皿" : 8}, {"抿" : 7}],

 "ㄇㄧㄣˊ" : [{"民" : 6059}],

 "ㄇㄧㄥˊ" : [{"名" : 2489}, {"明" : 2436}, {"鳴" : 206}, {"銘" : 90}, {"冥" : 53}, {"瞑" : 9}, {"茗" : 8}, {"螟" : 6}],

 "ㄇㄧㄥˋ" : [{"命" : 1145}],

 "ㄇㄨˇ" : [{"母" : 1021}, {"姆" : 75}, {"牡" : 21}, {"拇" : 18}, {"畝" : 16}],

 "ㄇㄨˊ" : [{"模" : 16}],

 "ㄇㄨˋ" : [{"目" : 2024}, {"木" : 561}, {"幕" : 318}, {"牧" : 131}, {"暮" : 121}, {"慕" : 93}, {"穆" : 90}, {"募" : 83}, {"墓" : 54}, {"沐" : 33}, {"睦" : 26}, {"牟" : 2}],

 "ㄈㄚ" : [{"發" : 5457}],

 "ㄈㄚˇ" : [{"法" : 6470}],

 "ㄈㄚˊ" : [{"罰" : 239}, {"乏" : 175}, {"伐" : 92}, {"閥" : 45}, {"筏" : 11}, {"砝" : 4}],

 "ㄈㄚˋ" : [{"髮" : 273}],

 "ㄈㄛˊ" : [{"佛" : 76}],

 "ㄈㄟ" : [{"非" : 1749}, {"飛" : 866}, {"菲" : 151}, {"啡" : 93}, {"妃" : 63}, {"緋" : 10}, {"蜚" : 10}, {"霏" : 9}, {"扉" : 7}],

 "ㄈㄟˇ" : [{"匪" : 61}, {"誹" : 15}, {"斐" : 13}, {"悱" : 6}, {"菲" : 5}],

 "ㄈㄟˊ" : [{"肥" : 221}],

 "ㄈㄟˋ" : [{"費" : 1188}, {"廢" : 300}, {"肺" : 118}, {"沸" : 91}, {"吠" : 55}],

 "ㄈㄡˇ" : [{"否" : 871}],

 "ㄈㄢ" : [{"翻" : 570}, {"番" : 110}, {"帆" : 46}, {"藩" : 14}, {"蕃" : 11}, {"幡" : 11}],

 "ㄈㄢˇ" : [{"反" : 2670}, {"返" : 249}],

 "ㄈㄢˊ" : [{"煩" : 220}, {"繁" : 195}, {"凡" : 184}, {"礬" : 11}, {"樊" : 7}, {"蕃" : 2}],

 "ㄈㄢˋ" : [{"犯" : 636}, {"飯" : 432}, {"範" : 387}, {"泛" : 151}, {"販" : 118}, {"梵" : 33}, {"范" : 24}, {"氾" : 11}],

 "ㄈㄣ" : [{"分" : 2978}, {"紛" : 341}, {"氛" : 130}, {"芬" : 81}, {"酚" : 13}],

 "ㄈㄣˇ" : [{"粉" : 567}],

 "ㄈㄣˊ" : [{"焚" : 87}, {"墳" : 20}, {"汾" : 7}, {"棼" : 4}],

 "ㄈㄣˋ" : [{"分" : 763}, {"份" : 549}, {"奮" : 203}, {"憤" : 136}, {"糞" : 48}, {"忿" : 17}],

 "ㄈㄤ" : [{"方" : 3922}, {"芳" : 123}, {"坊" : 38}],

 "ㄈㄤˇ" : [{"訪" : 726}, {"彷" : 76}, {"仿" : 63}, {"紡" : 62}],

 "ㄈㄤˊ" : [{"防" : 908}, {"房" : 729}, {"妨" : 73}, {"肪" : 36}, {"坊" : 7}],

 "ㄈㄤˋ" : [{"放" : 1493}],

 "ㄈㄥ" : [{"風" : 2212}, {"封" : 307}, {"豐" : 257}, {"蜂" : 187}, {"峰" : 166}, {"鋒" : 139}, {"瘋" : 102}, {"烽" : 14}, {"丰" : 8}, {"楓" : 8}],

 "ㄈㄥˇ" : [{"諷" : 93}],

 "ㄈㄥˊ" : [{"逢" : 111}, {"馮" : 35}],

 "ㄈㄥˋ" : [{"鳳" : 296}, {"奉" : 131}, {"縫" : 118}, {"俸" : 12}],

 "ㄈㄨ" : [{"夫" : 500}, {"膚" : 110}, {"麩" : 44}, {"敷" : 38}, {"孵" : 14}],

 "ㄈㄨˇ" : [{"府" : 2178}, {"輔" : 200}, {"腐" : 115}, {"撫" : 106}, {"俯" : 65}, {"斧" : 49}, {"釜" : 42}, {"甫" : 18}, {"腑" : 17}, {"拊" : 12}, {"黼" : 8}, {"脯" : 7}, {"父" : 4}, {"嘸" : 3}, {"俛" : 3}],

 "ㄈㄨˊ" : [{"服" : 1089}, {"福" : 749}, {"幅" : 285}, {"符" : 284}, {"浮" : 224}, {"伏" : 192}, {"扶" : 166}, {"佛" : 165}, {"彿" : 75}, {"氟" : 57}, {"輻" : 50}, {"弗" : 28}, {"鳧" : 25}, {"拂" : 23}, {"芙" : 19}, {"袱" : 18}, {"俘" : 15}, {"蝠" : 9}, {"匐" : 8}, {"孚" : 8}, {"蜉" : 8}, {"黻" : 6}],

 "ㄈㄨˋ" : [{"父" : 875}, {"負" : 751}, {"富" : 565}, {"副" : 482}, {"付" : 467}, {"復" : 435}, {"附" : 392}, {"婦" : 351}, {"複" : 315}, {"覆" : 266}, {"腹" : 204}, {"赴" : 171}, {"賦" : 99}, {"傅" : 50}, {"縛" : 47}, {"阜" : 21}, {"馥" : 10}, {"咐" : 6}, {"褔" : 6}, {"服" : 2}],

 "ㄉㄚ" : [{"搭" : 304}, {"答" : 11}, {"嗒" : 9}, {"噠" : 5}],

 "ㄉㄚˇ" : [{"打" : 2133}],

 "ㄉㄚˊ" : [{"達" : 2141}, {"答" : 399}, {"韃" : 5}, {"怛" : 5}, {"打" : 2}, {"瘩" : 2}],

 "ㄉㄚˋ" : [{"大" : 13101}],

 "ㄉㄚ˙" : [{"瘩" : 3}],

 "ㄉㄜˊ" : [{"得" : 4244}, {"德" : 1436}, {"登" : 2}],

 "ㄉㄜ˙" : [{"的" : 53788}, {"地" : 3064}, {"得" : 372}],

 "ㄉㄞ" : [{"呆" : 78}],

 "ㄉㄞˇ" : [{"歹" : 35}, {"逮" : 22}],

 "ㄉㄞˋ" : [{"代" : 2516}, {"帶" : 1443}, {"待" : 1001}, {"袋" : 219}, {"貸" : 194}, {"戴" : 179}, {"怠" : 29}, {"逮" : 23}, {"大" : 21}, {"殆" : 21}, {"岱" : 17}, {"黛" : 9}],

 "ㄉㄟˇ" : [{"得" : 12}],

 "ㄉㄠ" : [{"刀" : 346}, {"叨" : 17}],

 "ㄉㄠˇ" : [{"導" : 1982}, {"島" : 449}, {"倒" : 130}, {"蹈" : 93}, {"禱" : 44}, {"搗" : 41}],

 "ㄉㄠˋ" : [{"到" : 7620}, {"道" : 3027}, {"倒" : 549}, {"盜" : 131}, {"稻" : 57}, {"悼" : 30}],

 "ㄉㄡ" : [{"都" : 4639}, {"兜" : 30}],

 "ㄉㄡˇ" : [{"斗" : 40}, {"抖" : 38}, {"陡" : 17}],

 "ㄉㄡˋ" : [{"鬥" : 443}, {"豆" : 227}, {"逗" : 45}, {"斗" : 39}, {"竇" : 39}, {"痘" : 15}],

 "ㄉㄢ" : [{"單" : 1367}, {"擔" : 771}, {"丹" : 144}, {"耽" : 27}, {"殫" : 23}, {"簞" : 14}, {"鄲" : 8}, {"眈" : 7}, {"儋" : 3}, {"癉" : 3}],

 "ㄉㄢˇ" : [{"膽" : 311}, {"疸" : 9}, {"撣" : 8}],

 "ㄉㄢˋ" : [{"但" : 4171}, {"彈" : 678}, {"蛋" : 592}, {"旦" : 267}, {"淡" : 249}, {"誕" : 116}, {"憚" : 26}, {"氮" : 15}, {"啖" : 12}, {"澹" : 11}, {"石" : 3}, {"儋" : 2}],

 "ㄉㄤ" : [{"當" : 4114}, {"噹" : 55}, {"鐺" : 10}],

 "ㄉㄤˇ" : [{"黨" : 3171}, {"擋" : 141}, {"党" : 11}, {"讜" : 7}],

 "ㄉㄤˋ" : [{"檔" : 248}, {"蕩" : 139}, {"盪" : 55}, {"宕" : 23}],

 "ㄉㄥ" : [{"登" : 380}, {"燈" : 309}, {"蹬" : 11}, {"簦" : 7}],

 "ㄉㄥˇ" : [{"等" : 2443}],

 "ㄉㄥˋ" : [{"瞪" : 49}, {"鄧" : 30}, {"凳" : 17}, {"鐙" : 5}, {"澄" : 2}],

 "ㄉㄧ" : [{"低" : 1092}, {"滴" : 127}, {"堤" : 52}, {"提" : 6}],

 "ㄉㄧˇ" : [{"底" : 1043}, {"抵" : 207}, {"砥" : 33}, {"邸" : 22}, {"詆" : 14}, {"牴" : 10}, {"柢" : 6}],

 "ㄉㄧˊ" : [{"敵" : 316}, {"迪" : 103}, {"滌" : 35}, {"笛" : 31}, {"狄" : 23}, {"嫡" : 13}, {"嘀" : 9}, {"荻" : 8}, {"的" : 5}],

 "ㄉㄧˋ" : [{"第" : 1992}, {"地" : 1903}, {"弟" : 319}, {"的" : 275}, {"帝" : 151}, {"遞" : 112}, {"蒂" : 96}, {"締" : 52}, {"諦" : 8}],

 "ㄉㄧㄝ" : [{"跌" : 184}, {"爹" : 14}],

 "ㄉㄧㄝˊ" : [{"疊" : 95}, {"碟" : 73}, {"迭" : 65}, {"諜" : 59}, {"蝶" : 46}, {"喋" : 10}],

 "ㄉㄧㄠ" : [{"雕" : 129}, {"刁" : 30}, {"凋" : 20}, {"貂" : 19}, {"叼" : 10}, {"彫" : 8}, {"鵰" : 7}, {"碉" : 6}],

 "ㄉㄧㄠˋ" : [{"調" : 1963}, {"掉" : 484}, {"吊" : 141}, {"釣" : 59}, {"弔" : 17}],

 "ㄉㄧㄡ" : [{"丟" : 154}],

 "ㄉㄧㄢ" : [{"甸" : 163}, {"顛" : 111}, {"癲" : 21}, {"掂" : 17}, {"巔" : 11}, {"滇" : 5}],

 "ㄉㄧㄢˇ" : [{"點" : 3457}, {"典" : 386}, {"碘" : 10}],

 "ㄉㄧㄢˋ" : [{"電" : 2542}, {"店" : 682}, {"墊" : 108}, {"澱" : 74}, {"奠" : 47}, {"殿" : 46}, {"佃" : 10}, {"惦" : 6}, {"玷" : 5}, {"甸" : 4}],

 "ㄉㄧㄥ" : [{"丁" : 318}, {"釘" : 115}, {"叮" : 35}, {"盯" : 29}, {"仃" : 6}, {"酊" : 2}],

 "ㄉㄧㄥˇ" : [{"頂" : 312}, {"鼎" : 146}, {"酊" : 5}],

 "ㄉㄧㄥˋ" : [{"定" : 3501}, {"訂" : 282}, {"錠" : 14}],

 "ㄉㄨ" : [{"都" : 217}, {"督" : 180}, {"嘟" : 41}],

 "ㄉㄨˇ" : [{"賭" : 117}, {"堵" : 59}, {"睹" : 58}, {"肚" : 34}, {"篤" : 26}],

 "ㄉㄨˊ" : [{"獨" : 1166}, {"讀" : 865}, {"毒" : 378}, {"犢" : 27}, {"牘" : 19}, {"瀆" : 12}, {"櫝" : 10}],

 "ㄉㄨˋ" : [{"度" : 3091}, {"杜" : 164}, {"渡" : 83}, {"肚" : 82}, {"妒" : 33}, {"鍍" : 25}, {"蠹" : 24}],

 "ㄉㄨㄛ" : [{"多" : 6029}, {"咄" : 20}, {"掇" : 12}, {"哆" : 8}],

 "ㄉㄨㄛˇ" : [{"躲" : 83}, {"朵" : 64}, {"垛" : 7}],

 "ㄉㄨㄛˊ" : [{"奪" : 265}, {"度" : 12}, {"踱" : 6}],

 "ㄉㄨㄛˋ" : [{"墮" : 40}, {"舵" : 30}, {"惰" : 21}, {"垛" : 2}],

 "ㄉㄨㄟ" : [{"堆" : 179}],

 "ㄉㄨㄟˋ" : [{"對" : 8042}, {"隊" : 1051}, {"兌" : 58}, {"懟" : 11}, {"敦" : 2}],

 "ㄉㄨㄢ" : [{"端" : 388}],

 "ㄉㄨㄢˇ" : [{"短" : 646}],

 "ㄉㄨㄢˋ" : [{"斷" : 1077}, {"段" : 753}, {"鍛" : 33}, {"緞" : 12}],

 "ㄉㄨㄣ" : [{"敦" : 141}, {"噸" : 39}, {"蹲" : 26}, {"墩" : 14}],

 "ㄉㄨㄣˇ" : [{"盹" : 7}],

 "ㄉㄨㄣˋ" : [{"頓" : 230}, {"盾" : 141}, {"遁" : 59}, {"鈍" : 39}, {"沌" : 14}, {"燉" : 13}, {"囤" : 10}],

 "ㄉㄨㄥ" : [{"東" : 1680}, {"冬" : 296}, {"咚" : 18}],

 "ㄉㄨㄥˇ" : [{"董" : 330}, {"懂" : 249}],

 "ㄉㄨㄥˋ" : [{"動" : 4827}, {"洞" : 253}, {"凍" : 186}, {"棟" : 61}, {"恫" : 13}, {"侗" : 6}],

 "ㄊㄚ" : [{"他" : 5944}, {"她" : 2327}, {"它" : 425}, {"牠" : 232}, {"塌" : 46}],

 "ㄊㄚˇ" : [{"塔" : 149}, {"獺" : 51}],

 "ㄊㄚˋ" : [{"踏" : 173}, {"拓" : 43}, {"榻" : 20}, {"遝" : 17}, {"撻" : 14}, {"蹋" : 12}],

 "ㄊㄜˋ" : [{"特" : 1621}, {"忑" : 12}],

 "ㄊㄞ" : [{"胎" : 115}, {"台" : 2}, {"苔" : 2}],

 "ㄊㄞˊ" : [{"台" : 7510}, {"臺" : 445}, {"抬" : 99}, {"檯" : 35}, {"颱" : 17}, {"苔" : 15}, {"駘" : 3}],

 "ㄊㄞˋ" : [{"太" : 1598}, {"態" : 1049}, {"泰" : 281}, {"汰" : 44}, {"大" : 3}],

 "ㄊㄠ" : [{"濤" : 50}, {"韜" : 33}, {"滔" : 22}, {"掏" : 19}, {"饕" : 12}, {"絛" : 10}, {"叨" : 3}],

 "ㄊㄠˇ" : [{"討" : 620}],

 "ㄊㄠˊ" : [{"桃" : 317}, {"逃" : 219}, {"陶" : 85}, {"淘" : 73}, {"萄" : 59}, {"啕" : 6}],

 "ㄊㄠˋ" : [{"套" : 345}],

 "ㄊㄡ" : [{"偷" : 260}],

 "ㄊㄡˊ" : [{"投" : 2947}, {"頭" : 2301}],

 "ㄊㄡˋ" : [{"透" : 768}],

 "ㄊㄢ" : [{"攤" : 205}, {"貪" : 191}, {"灘" : 53}, {"癱" : 30}, {"坍" : 6}],

 "ㄊㄢˇ" : [{"坦" : 154}, {"毯" : 24}, {"袒" : 14}, {"忐" : 12}],

 "ㄊㄢˊ" : [{"壇" : 1131}, {"談" : 1055}, {"痰" : 41}, {"潭" : 29}, {"譚" : 18}, {"檀" : 18}, {"曇" : 7}, {"覃" : 7}, {"罎" : 6}],

 "ㄊㄢˋ" : [{"探" : 358}, {"碳" : 82}, {"炭" : 79}, {"嘆" : 70}, {"歎" : 68}],

 "ㄊㄤ" : [{"湯" : 243}, {"趟" : 2}],

 "ㄊㄤˇ" : [{"躺" : 75}, {"倘" : 42}, {"淌" : 15}, {"帑" : 8}, {"儻" : 6}],

 "ㄊㄤˊ" : [{"糖" : 448}, {"堂" : 360}, {"唐" : 100}, {"塘" : 26}, {"棠" : 14}, {"膛" : 12}, {"搪" : 11}, {"螳" : 9}, {"醣" : 7}],

 "ㄊㄤˋ" : [{"趟" : 58}, {"燙" : 43}],

 "ㄊㄥˊ" : [{"騰" : 163}, {"疼" : 145}, {"藤" : 67}, {"謄" : 10}],

 "ㄊㄧ" : [{"梯" : 104}, {"踢" : 80}, {"剔" : 38}, {"擿" : 9}],

 "ㄊㄧˇ" : [{"體" : 3192}],

 "ㄊㄧˊ" : [{"提" : 2526}, {"題" : 2324}, {"啼" : 50}, {"蹄" : 36}],

 "ㄊㄧˋ" : [{"替" : 287}, {"涕" : 46}, {"惕" : 27}, {"剃" : 15}, {"殢" : 10}, {"嚏" : 8}, {"悌" : 6}, {"倜" : 5}, {"弟" : 2}],

 "ㄊㄧㄝ" : [{"貼" : 282}, {"帖" : 38}],

 "ㄊㄧㄝˇ" : [{"鐵" : 896}, {"帖" : 9}],

 "ㄊㄧㄝˋ" : [{"帖" : 3}],

 "ㄊㄧㄠ" : [{"挑" : 434}, {"佻" : 19}],

 "ㄊㄧㄠˇ" : [{"挑" : 10}, {"窕" : 6}],

 "ㄊㄧㄠˊ" : [{"條" : 1229}, {"迢" : 18}],

 "ㄊㄧㄠˋ" : [{"跳" : 448}, {"眺" : 8}],

 "ㄊㄧㄢ" : [{"天" : 4727}, {"添" : 181}],

 "ㄊㄧㄢˇ" : [{"靦" : 13}, {"腆" : 12}, {"舔" : 11}, {"殄" : 6}],

 "ㄊㄧㄢˊ" : [{"田" : 255}, {"甜" : 181}, {"填" : 162}, {"恬" : 30}, {"闐" : 6}],

 "ㄊㄧㄥ" : [{"聽" : 1039}, {"廳" : 216}, {"町" : 26}, {"汀" : 17}, {"烴" : 8}],

 "ㄊㄧㄥˇ" : [{"挺" : 274}, {"艇" : 47}, {"珽" : 11}],

 "ㄊㄧㄥˊ" : [{"停" : 546}, {"庭" : 437}, {"亭" : 111}, {"廷" : 105}, {"霆" : 26}, {"婷" : 14}, {"渟" : 8}, {"蜓" : 6}],

 "ㄊㄨ" : [{"突" : 646}, {"凸" : 85}, {"禿" : 32}],

 "ㄊㄨˇ" : [{"土" : 686}, {"吐" : 199}],

 "ㄊㄨˊ" : [{"圖" : 997}, {"徒" : 225}, {"途" : 203}, {"塗" : 181}, {"屠" : 53}, {"荼" : 30}],

 "ㄊㄨˋ" : [{"兔" : 91}, {"吐" : 4}],

 "ㄊㄨㄛ" : [{"脫" : 455}, {"拖" : 205}, {"托" : 199}, {"託" : 121}, {"讬" : 6}],

 "ㄊㄨㄛˇ" : [{"妥" : 132}, {"橢" : 7}],

 "ㄊㄨㄛˊ" : [{"駝" : 28}, {"陀" : 18}, {"跎" : 12}, {"馱" : 6}, {"坨" : 5}, {"佗" : 5}, {"沱" : 4}],

 "ㄊㄨㄛˋ" : [{"唾" : 41}, {"拓" : 36}],

 "ㄊㄨㄟ" : [{"推" : 1252}],

 "ㄊㄨㄟˇ" : [{"腿" : 118}],

 "ㄊㄨㄟˊ" : [{"頹" : 34}],

 "ㄊㄨㄟˋ" : [{"退" : 740}, {"褪" : 11}, {"蛻" : 11}],

 "ㄊㄨㄢ" : [{"湍" : 6}],

 "ㄊㄨㄢˊ" : [{"團" : 1180}, {"糰" : 17}, {"摶" : 11}],

 "ㄊㄨㄣ" : [{"吞" : 143}],

 "ㄊㄨㄣˊ" : [{"屯" : 48}, {"豚" : 31}, {"臀" : 15}],

 "ㄊㄨㄣˋ" : [{"褪" : 6}],

 "ㄊㄨㄥ" : [{"通" : 2008}],

 "ㄊㄨㄥˇ" : [{"統" : 2810}, {"桶" : 86}, {"筒" : 78}, {"捅" : 11}],

 "ㄊㄨㄥˊ" : [{"同" : 3966}, {"童" : 552}, {"銅" : 122}, {"桐" : 24}, {"彤" : 12}, {"瞳" : 6}, {"酮" : 6}, {"潼" : 5}],

 "ㄊㄨㄥˋ" : [{"痛" : 732}, {"慟" : 9}, {"通" : 7}, {"同" : 6}],

 "ㄋㄚˇ" : [{"哪" : 493}],

 "ㄋㄚˊ" : [{"拿" : 826}, {"拏" : 11}],

 "ㄋㄚˋ" : [{"那" : 1913}, {"納" : 415}, {"鈉" : 32}, {"娜" : 28}, {"吶" : 12}, {"捺" : 6}, {"呐" : 5}],

 "ㄋㄜˋ" : [{"訥" : 9}],

 "ㄋㄜ˙" : [{"呢" : 492}],

 "ㄋㄞˇ" : [{"奶" : 264}, {"乃" : 124}, {"迺" : 13}],

 "ㄋㄞˋ" : [{"耐" : 174}, {"奈" : 108}, {"鼐" : 11}],

 "ㄋㄟˇ" : [{"哪" : 48}, {"餒" : 11}],

 "ㄋㄟˋ" : [{"內" : 3009}, {"那" : 179}, {"内" : 42}],

 "ㄋㄠˇ" : [{"腦" : 627}, {"惱" : 88}],

 "ㄋㄠˊ" : [{"撓" : 36}, {"呶" : 5}],

 "ㄋㄠˋ" : [{"鬧" : 207}, {"淖" : 4}],

 "ㄋㄡˋ" : [{"耨" : 7}],

 "ㄋㄢˇ" : [{"赧" : 6}],

 "ㄋㄢˊ" : [{"南" : 1980}, {"難" : 1854}, {"男" : 810}, {"喃" : 29}, {"楠" : 6}],

 "ㄋㄣˋ" : [{"嫩" : 51}],

 "ㄋㄤ" : [{"囔" : 9}],

 "ㄋㄤˊ" : [{"囊" : 118}],

 "ㄋㄥˊ" : [{"能" : 6551}],

 "ㄋㄧ" : [{"妮" : 35}],

 "ㄋㄧˇ" : [{"你" : 4596}, {"妳" : 239}, {"擬" : 165}, {"儗" : 3}],

 "ㄋㄧˊ" : [{"尼" : 315}, {"泥" : 168}, {"倪" : 16}, {"呢" : 10}, {"霓" : 7}],

 "ㄋㄧˋ" : [{"逆" : 268}, {"匿" : 58}, {"溺" : 51}, {"膩" : 33}, {"睨" : 11}, {"泥" : 10}, {"昵" : 7}],

 "ㄋㄧㄝ" : [{"捏" : 83}],

 "ㄋㄧㄝˋ" : [{"孽" : 26}, {"躡" : 25}, {"齧" : 20}, {"涅" : 20}, {"鎳" : 11}, {"顳" : 7}, {"聶" : 7}, {"臬" : 7}, {"囁" : 5}, {"蘖" : 5}, {"泥" : 2}],

 "ㄋㄧㄠˇ" : [{"鳥" : 333}, {"嫋" : 18}],

 "ㄋㄧㄠˋ" : [{"尿" : 113}, {"溺" : 4}],

 "ㄋㄧㄡ" : [{"妞" : 16}],

 "ㄋㄧㄡˇ" : [{"扭" : 120}, {"紐" : 110}, {"鈕" : 22}],

 "ㄋㄧㄡˊ" : [{"牛" : 465}],

 "ㄋㄧㄡˋ" : [{"拗" : 4}],

 "ㄋㄧㄢ" : [{"拈" : 29}],

 "ㄋㄧㄢˇ" : [{"撚" : 19}, {"碾" : 11}],

 "ㄋㄧㄢˊ" : [{"年" : 8187}, {"黏" : 60}, {"粘" : 18}, {"鯰" : 15}],

 "ㄋㄧㄢˋ" : [{"念" : 752}, {"唸" : 55}, {"廿" : 11}],

 "ㄋㄧㄣˊ" : [{"您" : 980}],

 "ㄋㄧㄤˊ" : [{"娘" : 165}],

 "ㄋㄧㄤˋ" : [{"釀" : 43}],

 "ㄋㄧㄥˊ" : [{"寧" : 217}, {"凝" : 95}, {"檸" : 19}, {"嚀" : 11}, {"擰" : 11}, {"甯" : 11}, {"獰" : 8}],

 "ㄋㄧㄥˋ" : [{"佞" : 14}, {"濘" : 4}],

 "ㄋㄨˇ" : [{"努" : 375}, {"弩" : 22}],

 "ㄋㄨˊ" : [{"奴" : 78}, {"駑" : 16}],

 "ㄋㄨˋ" : [{"怒" : 298}],

 "ㄋㄨㄛˊ" : [{"挪" : 62}, {"娜" : 3}],

 "ㄋㄨㄛˋ" : [{"諾" : 240}, {"懦" : 18}, {"糯" : 17}],

 "ㄋㄨㄢˇ" : [{"暖" : 281}],

 "ㄋㄨㄥˊ" : [{"農" : 798}, {"濃" : 177}, {"膿" : 21}, {"噥" : 5}],

 "ㄋㄨㄥˋ" : [{"弄" : 349}],

 "ㄋㄩˇ" : [{"女" : 1802}],

 "ㄋㄩㄝˋ" : [{"虐" : 117}, {"瘧" : 7}],

 "ㄌㄚ" : [{"拉" : 882}, {"垃" : 52}, {"啦" : 6}, {"邋" : 6}],

 "ㄌㄚˇ" : [{"喇" : 47}, {"拉" : 2}],

 "ㄌㄚˊ" : [{"剌" : 8}, {"拉" : 2}],

 "ㄌㄚˋ" : [{"辣" : 71}, {"臘" : 59}, {"蠟" : 55}, {"拉" : 29}, {"落" : 10}],

 "ㄌㄚ˙" : [{"啦" : 130}, {"拉" : 2}],

 "ㄌㄜ" : [{"肋" : 19}],

 "ㄌㄜˋ" : [{"樂" : 1277}, {"勒" : 38}],

 "ㄌㄜ˙" : [{"了" : 8775}],

 "ㄌㄞˊ" : [{"來" : 9048}, {"萊" : 83}],

 "ㄌㄞˋ" : [{"賴" : 676}, {"癩" : 12}, {"籟" : 9}, {"睞" : 8}],

 "ㄌㄟ" : [{"勒" : 83}],

 "ㄌㄟˇ" : [{"壘" : 75}, {"累" : 61}, {"磊" : 26}, {"蕾" : 26}, {"儡" : 6}],

 "ㄌㄟˊ" : [{"雷" : 263}, {"鐳" : 14}, {"擂" : 13}, {"羸" : 9}],

 "ㄌㄟˋ" : [{"類" : 1053}, {"累" : 353}, {"淚" : 213}, {"肋" : 4}, {"擂" : 3}],

 "ㄌㄠ" : [{"撈" : 68}],

 "ㄌㄠˇ" : [{"老" : 2146}, {"佬" : 13}, {"潦" : 10}, {"姥" : 4}],

 "ㄌㄠˊ" : [{"勞" : 1708}, {"牢" : 102}, {"嘮" : 14}, {"癆" : 5}],

 "ㄌㄠˋ" : [{"澇" : 13}, {"烙" : 12}, {"酪" : 12}, {"落" : 4}],

 "ㄌㄡˇ" : [{"摟" : 18}, {"簍" : 8}],

 "ㄌㄡˊ" : [{"樓" : 331}, {"螻" : 8}, {"僂" : 8}, {"婁" : 6}, {"嘍" : 4}],

 "ㄌㄡˋ" : [{"漏" : 196}, {"陋" : 54}, {"鏤" : 43}, {"露" : 22}],

 "ㄌㄢˇ" : [{"覽" : 154}, {"懶" : 120}, {"攬" : 55}, {"纜" : 23}, {"欖" : 22}],

 "ㄌㄢˊ" : [{"藍" : 433}, {"蘭" : 416}, {"欄" : 164}, {"籃" : 126}, {"攔" : 63}, {"瀾" : 61}, {"闌" : 21}, {"婪" : 8}],

 "ㄌㄢˋ" : [{"爛" : 208}, {"濫" : 98}],

 "ㄌㄤ" : [{"啷" : 6}],

 "ㄌㄤˇ" : [{"朗" : 159}],

 "ㄌㄤˊ" : [{"狼" : 181}, {"郎" : 85}, {"廊" : 37}, {"琅" : 16}, {"螂" : 9}, {"瑯" : 9}, {"榔" : 8}],

 "ㄌㄤˋ" : [{"浪" : 414}],

 "ㄌㄥˇ" : [{"冷" : 636}],

 "ㄌㄥˊ" : [{"楞" : 25}, {"棱" : 21}],

 "ㄌㄥˋ" : [{"愣" : 22}],

 "ㄌㄧ" : [{"哩" : 32}],

 "ㄌㄧˇ" : [{"理" : 3525}, {"裡" : 1854}, {"里" : 666}, {"禮" : 547}, {"李" : 469}, {"裏" : 38}, {"鯉" : 11}, {"俚" : 9}, {"澧" : 7}],

 "ㄌㄧˊ" : [{"離" : 1152}, {"黎" : 92}, {"罹" : 92}, {"釐" : 80}, {"梨" : 64}, {"璃" : 33}, {"犁" : 29}, {"籬" : 27}, {"漓" : 18}, {"狸" : 17}, {"厘" : 13}, {"瓈" : 11}, {"蠡" : 7}, {"鸝" : 6}, {"醨" : 6}, {"驪" : 5}],

 "ㄌㄧˋ" : [{"力" : 4356}, {"立" : 2958}, {"利" : 2294}, {"例" : 1032}, {"歷" : 931}, {"麗" : 339}, {"勵" : 224}, {"厲" : 182}, {"曆" : 136}, {"粒" : 108}, {"莉" : 78}, {"瀝" : 37}, {"栗" : 35}, {"礪" : 35}, {"吏" : 31}, {"笠" : 30}, {"隸" : 29}, {"俐" : 22}, {"礫" : 15}, {"戾" : 15}, {"唳" : 10}, {"慄" : 9}, {"糲" : 9}, {"儷" : 8}, {"痢" : 8}, {"詈" : 7}, {"靂" : 7}, {"蠣" : 6}, {"櫟" : 4}],

 "ㄌㄧㄚˇ" : [{"倆" : 51}],

 "ㄌㄧㄝ" : [{"咧" : 5}],

 "ㄌㄧㄝˇ" : [{"咧" : 20}],

 "ㄌㄧㄝˋ" : [{"列" : 664}, {"烈" : 364}, {"裂" : 221}, {"獵" : 147}, {"劣" : 119}, {"捩" : 10}, {"埒" : 6}],

 "ㄌㄧㄠ" : [{"撩" : 25}],

 "ㄌㄧㄠˇ" : [{"了" : 371}, {"瞭" : 85}, {"蓼" : 3}, {"燎" : 3}],

 "ㄌㄧㄠˊ" : [{"療" : 579}, {"聊" : 205}, {"僚" : 65}, {"遼" : 34}, {"寥" : 33}, {"燎" : 24}, {"寮" : 13}, {"潦" : 10}, {"撩" : 7}, {"繚" : 6}, {"獠" : 6}],

 "ㄌㄧㄠˋ" : [{"料" : 965}, {"廖" : 49}, {"撂" : 17}, {"瞭" : 5}],

 "ㄌㄧㄡ" : [{"溜" : 100}],

 "ㄌㄧㄡˇ" : [{"柳" : 164}, {"鉚" : 11}],

 "ㄌㄧㄡˊ" : [{"流" : 1936}, {"留" : 650}, {"劉" : 169}, {"瘤" : 93}, {"硫" : 58}, {"琉" : 12}, {"榴" : 11}, {"遛" : 5}],

 "ㄌㄧㄡˋ" : [{"六" : 630}, {"餾" : 15}, {"溜" : 2}],

 "ㄌㄧㄢˇ" : [{"臉" : 681}, {"斂" : 65}],

 "ㄌㄧㄢˊ" : [{"連" : 1465}, {"聯" : 1186}, {"蓮" : 147}, {"廉" : 123}, {"憐" : 70}, {"簾" : 33}, {"漣" : 13}, {"鐮" : 9}, {"溓" : 3}],

 "ㄌㄧㄢˋ" : [{"練" : 380}, {"戀" : 182}, {"鏈" : 110}, {"煉" : 72}, {"鍊" : 14}, {"楝" : 13}],

 "ㄌㄧㄣˇ" : [{"凜" : 16}],

 "ㄌㄧㄣˊ" : [{"林" : 1112}, {"臨" : 499}, {"遴" : 305}, {"鄰" : 161}, {"淋" : 90}, {"鱗" : 69}, {"磷" : 65}, {"麟" : 50}, {"琳" : 24}, {"霖" : 15}, {"瞵" : 6}, {"嶙" : 6}, {"粼" : 5}],

 "ㄌㄧㄣˋ" : [{"吝" : 27}, {"賃" : 10}, {"躪" : 6}, {"淋" : 3}],

 "ㄌㄧㄤˇ" : [{"兩" : 2868}],

 "ㄌㄧㄤˊ" : [{"良" : 425}, {"量" : 176}, {"糧" : 112}, {"涼" : 105}, {"梁" : 87}, {"樑" : 61}, {"粱" : 21}, {"踉" : 5}],

 "ㄌㄧㄤˋ" : [{"量" : 1516}, {"亮" : 322}, {"輛" : 90}, {"諒" : 54}, {"晾" : 7}],

 "ㄌㄧㄥˇ" : [{"領" : 1328}, {"嶺" : 59}],

 "ㄌㄧㄥˊ" : [{"零" : 335}, {"靈" : 265}, {"齡" : 193}, {"凌" : 135}, {"鈴" : 111}, {"陵" : 83}, {"玲" : 63}, {"淩" : 41}, {"伶" : 28}, {"菱" : 21}, {"苓" : 20}, {"聆" : 19}, {"綾" : 7}, {"羚" : 6}, {"令" : 5}, {"呤" : 2}],

 "ㄌㄧㄥˋ" : [{"令" : 1000}, {"另" : 779}, {"呤" : 5}],

 "ㄌㄨˇ" : [{"魯" : 170}, {"嚕" : 50}, {"鹵" : 22}, {"滷" : 16}, {"擄" : 14}, {"虜" : 7}],

 "ㄌㄨˊ" : [{"爐" : 194}, {"盧" : 62}, {"蘆" : 49}, {"廬" : 27}, {"櫚" : 13}, {"顱" : 12}],

 "ㄌㄨˋ" : [{"路" : 2060}, {"陸" : 1447}, {"錄" : 491}, {"露" : 444}, {"鹿" : 84}, {"碌" : 68}, {"祿" : 45}, {"戮" : 39}, {"鷺" : 24}, {"賂" : 13}, {"轆" : 12}, {"漉" : 12}, {"麓" : 6}, {"僇" : 5}, {"六" : 2}],

 "ㄌㄨㄛ" : [{"囉" : 21}, {"捋" : 3}],

 "ㄌㄨㄛˇ" : [{"裸" : 50}, {"攞" : 2}],

 "ㄌㄨㄛˊ" : [{"羅" : 541}, {"邏" : 104}, {"螺" : 66}, {"蘿" : 43}, {"鑼" : 30}, {"騾" : 6}, {"籮" : 6}, {"攞" : 4}],

 "ㄌㄨㄛˋ" : [{"落" : 1078}, {"絡" : 150}, {"洛" : 109}, {"駱" : 18}, {"犖" : 11}, {"鉻" : 7}],

 "ㄌㄨㄢˇ" : [{"卵" : 87}],

 "ㄌㄨㄢˊ" : [{"鸞" : 73}, {"攣" : 19}, {"巒" : 17}],

 "ㄌㄨㄢˋ" : [{"亂" : 564}],

 "ㄌㄨㄣ" : [{"掄" : 6}],

 "ㄌㄨㄣˊ" : [{"輪" : 448}, {"倫" : 343}, {"淪" : 97}, {"綸" : 40}, {"崙" : 10}, {"侖" : 8}, {"圇" : 7}],

 "ㄌㄨㄣˋ" : [{"論" : 3297}],

 "ㄌㄨㄥ" : [{"隆" : 2}],

 "ㄌㄨㄥˇ" : [{"攏" : 68}, {"壟" : 16}, {"隴" : 9}],

 "ㄌㄨㄥˊ" : [{"龍" : 865}, {"籠" : 146}, {"隆" : 142}, {"聾" : 45}, {"嚨" : 29}, {"瓏" : 12}, {"朧" : 5}],

 "ㄌㄨㄥˋ" : [{"弄" : 4}],

 "ㄌㄩˇ" : [{"旅" : 820}, {"履" : 218}, {"鋁" : 126}, {"侶" : 100}, {"呂" : 86}, {"屢" : 82}, {"縷" : 29}, {"膂" : 6}, {"捋" : 3}],

 "ㄌㄩˊ" : [{"驢" : 46}, {"閭" : 14}],

 "ㄌㄩˋ" : [{"綠" : 673}, {"率" : 651}, {"律" : 643}, {"慮" : 356}, {"氯" : 46}, {"濾" : 33}],

 "ㄌㄩㄝˇ" : [{"掠" : 3}],

 "ㄌㄩㄝˋ" : [{"略" : 813}, {"掠" : 53}],

 "ㄍㄚ" : [{"嘎" : 17}, {"呷" : 6}, {"伽" : 5}, {"咖" : 3}],

 "ㄍㄚˇ" : [{"嘎" : 2}],

 "ㄍㄚˋ" : [{"尬" : 38}],

 "ㄍㄜ" : [{"歌" : 577}, {"哥" : 429}, {"割" : 148}, {"戈" : 121}, {"擱" : 36}, {"咯" : 16}, {"鴿" : 10}, {"胳" : 10}, {"疙" : 7}, {"格" : 3}],

 "ㄍㄜˇ" : [{"葛" : 3}, {"合" : 2}],

 "ㄍㄜˊ" : [{"格" : 964}, {"革" : 442}, {"隔" : 343}, {"閣" : 231}, {"葛" : 46}, {"骼" : 18}, {"蛤" : 17}, {"嗝" : 10}],

 "ㄍㄜˋ" : [{"個" : 3000}, {"各" : 2151}],

 "ㄍㄜ˙" : [{"個" : 5320}],

 "ㄍㄞ" : [{"該" : 1508}],

 "ㄍㄞˇ" : [{"改" : 1735}],

 "ㄍㄞˋ" : [{"蓋" : 335}, {"概" : 260}, {"鈣" : 56}, {"溉" : 13}, {"丐" : 10}, {"芥" : 3}],

 "ㄍㄟˇ" : [{"給" : 1702}],

 "ㄍㄠ" : [{"高" : 3922}, {"膏" : 92}, {"糕" : 80}, {"羔" : 29}, {"櫜" : 6}, {"皋" : 5}],

 "ㄍㄠˇ" : [{"稿" : 1736}, {"搞" : 213}, {"槁" : 16}, {"縞" : 7}, {"稾" : 3}],

 "ㄍㄠˋ" : [{"告" : 1146}, {"膏" : 2}],

 "ㄍㄡ" : [{"溝" : 276}, {"鉤" : 93}, {"勾" : 70}, {"篝" : 6}, {"佝" : 4}],

 "ㄍㄡˇ" : [{"狗" : 518}, {"苟" : 42}, {"枸" : 9}],

 "ㄍㄡˋ" : [{"夠" : 643}, {"構" : 439}, {"購" : 414}, {"垢" : 84}, {"詬" : 15}, {"彀" : 6}],

 "ㄍㄢ" : [{"乾" : 332}, {"甘" : 209}, {"肝" : 185}, {"干" : 89}, {"杆" : 58}, {"竿" : 47}, {"尷" : 35}, {"柑" : 15}],

 "ㄍㄢˇ" : [{"感" : 2051}, {"敢" : 387}, {"趕" : 259}, {"桿" : 125}, {"橄" : 22}, {"杆" : 9}, {"稈" : 8}],

 "ㄍㄢˋ" : [{"幹" : 407}, {"干" : 110}, {"旰" : 14}],

 "ㄍㄣ" : [{"跟" : 1412}, {"根" : 1021}],

 "ㄍㄣˋ" : [{"亙" : 17}],

 "ㄍㄤ" : [{"剛" : 420}, {"鋼" : 348}, {"綱" : 88}, {"岡" : 59}, {"缸" : 40}, {"杠" : 12}, {"扛" : 5}],

 "ㄍㄤˇ" : [{"港" : 399}, {"崗" : 51}],

 "ㄍㄤˋ" : [{"槓" : 27}, {"杠" : 8}],

 "ㄍㄥ" : [{"更" : 140}, {"耕" : 113}, {"羹" : 44}, {"庚" : 19}, {"畊" : 7}],

 "ㄍㄥˇ" : [{"梗" : 63}, {"耿" : 41}, {"哽" : 20}, {"鯁" : 10}, {"綆" : 6}],

 "ㄍㄥˋ" : [{"更" : 3273}],

 "ㄍㄨ" : [{"估" : 281}, {"孤" : 238}, {"姑" : 147}, {"辜" : 40}, {"沽" : 24}, {"呱" : 23}, {"菇" : 19}, {"咕" : 17}, {"箍" : 9}, {"觚" : 8}, {"骨" : 5}, {"家" : 2}],

 "ㄍㄨˇ" : [{"古" : 602}, {"骨" : 516}, {"股" : 477}, {"鼓" : 436}, {"穀" : 130}, {"谷" : 111}, {"轂" : 18}, {"瞽" : 8}, {"蠱" : 7}, {"汩" : 6}],

 "ㄍㄨˊ" : [{"鶻" : 6}],

 "ㄍㄨˋ" : [{"顧" : 681}, {"故" : 659}, {"固" : 348}, {"雇" : 120}, {"僱" : 38}, {"痼" : 7}, {"估" : 2}],

 "ㄍㄨㄚ" : [{"瓜" : 181}, {"刮" : 174}, {"颳" : 5}, {"呱" : 3}, {"括" : 3}],

 "ㄍㄨㄚˇ" : [{"寡" : 165}],

 "ㄍㄨㄚˋ" : [{"掛" : 254}, {"卦" : 40}, {"褂" : 9}],

 "ㄍㄨㄛ" : [{"鍋" : 186}, {"郭" : 156}],

 "ㄍㄨㄛˇ" : [{"果" : 2631}, {"裹" : 69}, {"粿" : 12}],

 "ㄍㄨㄛˊ" : [{"國" : 13988}, {"幗" : 10}],

 "ㄍㄨㄛˋ" : [{"過" : 6068}],

 "ㄍㄨㄞ" : [{"乖" : 131}],

 "ㄍㄨㄞˇ" : [{"拐" : 42}],

 "ㄍㄨㄞˋ" : [{"怪" : 421}],

 "ㄍㄨㄟ" : [{"規" : 1124}, {"歸" : 448}, {"龜" : 82}, {"瑰" : 40}, {"圭" : 38}, {"閨" : 27}, {"珪" : 8}, {"鮭" : 6}],

 "ㄍㄨㄟˇ" : [{"鬼" : 306}, {"軌" : 174}, {"詭" : 64}, {"晷" : 11}, {"癸" : 9}],

 "ㄍㄨㄟˋ" : [{"貴" : 423}, {"櫃" : 90}, {"桂" : 86}, {"跪" : 46}, {"匱" : 20}, {"劌" : 12}, {"檜" : 9}, {"炔" : 5}],

 "ㄍㄨㄢ" : [{"關" : 3987}, {"觀" : 2142}, {"官" : 1303}, {"冠" : 257}, {"棺" : 24}, {"鰥" : 12}],

 "ㄍㄨㄢˇ" : [{"管" : 2285}, {"館" : 447}, {"莞" : 9}],

 "ㄍㄨㄢˋ" : [{"慣" : 321}, {"貫" : 144}, {"灌" : 102}, {"罐" : 61}, {"冠" : 10}, {"盥" : 9}],

 "ㄍㄨㄣˇ" : [{"滾" : 148}, {"輥" : 7}],

 "ㄍㄨㄣˋ" : [{"棍" : 76}],

 "ㄍㄨㄤ" : [{"光" : 1450}, {"胱" : 10}],

 "ㄍㄨㄤˇ" : [{"廣" : 628}],

 "ㄍㄨㄤˋ" : [{"逛" : 42}],

 "ㄍㄨㄥ" : [{"工" : 4366}, {"公" : 4009}, {"功" : 1048}, {"供" : 860}, {"攻" : 377}, {"宮" : 273}, {"恭" : 72}, {"弓" : 65}, {"躬" : 57}, {"肱" : 14}, {"觥" : 8}],

 "ㄍㄨㄥˇ" : [{"拱" : 82}, {"鞏" : 34}, {"汞" : 11}],

 "ㄍㄨㄥˋ" : [{"共" : 1677}, {"貢" : 85}, {"供" : 24}],

 "ㄎㄚ" : [{"咖" : 110}, {"喀" : 15}, {"咔" : 5}],

 "ㄎㄚˇ" : [{"卡" : 587}, {"咯" : 2}],

 "ㄎㄜ" : [{"科" : 1076}, {"柯" : 499}, {"顆" : 155}, {"苛" : 41}, {"磕" : 34}, {"棵" : 20}, {"嗑" : 15}, {"窠" : 8}, {"髁" : 8}, {"坷" : 2}],

 "ㄎㄜˇ" : [{"可" : 6735}, {"渴" : 98}, {"坷" : 7}],

 "ㄎㄜˊ" : [{"殼" : 134}, {"咳" : 32}],

 "ㄎㄜˋ" : [{"客" : 1092}, {"課" : 790}, {"克" : 643}, {"刻" : 603}, {"剋" : 10}, {"恪" : 9}, {"溘" : 6}, {"可" : 3}],

 "ㄎㄞ" : [{"開" : 4070}, {"揩" : 6}],

 "ㄎㄞˇ" : [{"凱" : 78}, {"慨" : 66}, {"楷" : 18}],

 "ㄎㄞˋ" : [{"愒" : 6}, {"愾" : 6}],

 "ㄎㄠˇ" : [{"考" : 998}, {"烤" : 84}, {"拷" : 19}],

 "ㄎㄠˋ" : [{"靠" : 395}, {"銬" : 20}, {"犒" : 9}],

 "ㄎㄡ" : [{"摳" : 13}],

 "ㄎㄡˇ" : [{"口" : 2183}],

 "ㄎㄡˋ" : [{"扣" : 221}, {"叩" : 27}, {"寇" : 27}, {"蔻" : 19}],

 "ㄎㄢ" : [{"刊" : 314}, {"堪" : 121}, {"勘" : 41}, {"看" : 20}, {"戡" : 6}, {"龕" : 5}],

 "ㄎㄢˇ" : [{"檻" : 75}, {"砍" : 67}, {"侃" : 37}, {"坎" : 29}],

 "ㄎㄢˋ" : [{"看" : 3248}, {"瞰" : 14}, {"崁" : 13}],

 "ㄎㄣˇ" : [{"肯" : 223}, {"懇" : 37}, {"墾" : 33}, {"啃" : 15}, {"齦" : 9}],

 "ㄎㄤ" : [{"康" : 428}, {"慷" : 43}, {"糠" : 25}],

 "ㄎㄤˊ" : [{"扛" : 42}],

 "ㄎㄤˋ" : [{"抗" : 667}, {"亢" : 27}, {"炕" : 15}, {"伉" : 6}],

 "ㄎㄥ" : [{"坑" : 85}, {"吭" : 18}, {"鏗" : 15}],

 "ㄎㄨ" : [{"哭" : 265}, {"枯" : 111}, {"窟" : 22}, {"刳" : 12}],

 "ㄎㄨˇ" : [{"苦" : 818}],

 "ㄎㄨˋ" : [{"庫" : 249}, {"褲" : 104}, {"酷" : 90}, {"絝" : 7}, {"袴" : 6}],

 "ㄎㄨㄚ" : [{"誇" : 85}, {"夸" : 19}],

 "ㄎㄨㄚˇ" : [{"垮" : 45}],

 "ㄎㄨㄚˋ" : [{"跨" : 291}, {"胯" : 5}],

 "ㄎㄨㄛˋ" : [{"括" : 425}, {"擴" : 258}, {"闊" : 99}, {"廓" : 16}],

 "ㄎㄨㄞˋ" : [{"快" : 916}, {"塊" : 366}, {"筷" : 17}, {"膾" : 12}, {"噲" : 3}],

 "ㄎㄨㄟ" : [{"虧" : 100}, {"窺" : 52}, {"盔" : 15}, {"巋" : 4}],

 "ㄎㄨㄟˇ" : [{"傀" : 6}, {"跬" : 5}],

 "ㄎㄨㄟˊ" : [{"揆" : 120}, {"魁" : 35}, {"葵" : 18}, {"睽" : 17}, {"奎" : 13}],

 "ㄎㄨㄟˋ" : [{"潰" : 95}, {"愧" : 58}, {"饋" : 51}, {"聵" : 9}, {"簣" : 7}, {"喟" : 6}],

 "ㄎㄨㄢ" : [{"寬" : 261}, {"髖" : 7}],

 "ㄎㄨㄢˇ" : [{"款" : 486}, {"窾" : 5}],

 "ㄎㄨㄣ" : [{"昆" : 57}, {"坤" : 28}, {"堃" : 9}, {"焜" : 7}, {"錕" : 5}],

 "ㄎㄨㄣˇ" : [{"捆" : 24}, {"壼" : 7}, {"綑" : 6}],

 "ㄎㄨㄣˋ" : [{"困" : 430}, {"睏" : 6}],

 "ㄎㄨㄤ" : [{"框" : 107}, {"匡" : 28}, {"筐" : 16}],

 "ㄎㄨㄤˊ" : [{"狂" : 302}, {"誑" : 9}],

 "ㄎㄨㄤˋ" : [{"況" : 713}, {"礦" : 170}, {"曠" : 61}, {"眶" : 27}],

 "ㄎㄨㄥ" : [{"空" : 1423}],

 "ㄎㄨㄥˇ" : [{"恐" : 534}, {"孔" : 192}],

 "ㄎㄨㄥˋ" : [{"控" : 541}, {"空" : 77}],

 "ㄏㄚ" : [{"哈" : 231}],

 "ㄏㄚˇ" : [{"哈" : 2}],

 "ㄏㄚˊ" : [{"蛤" : 11}],

 "ㄏㄜ" : [{"喝" : 257}, {"呵" : 49}],

 "ㄏㄜˊ" : [{"合" : 2810}, {"何" : 2035}, {"和" : 2000}, {"核" : 864}, {"河" : 410}, {"荷" : 103}, {"盒" : 94}, {"劾" : 27}, {"禾" : 20}, {"涸" : 20}, {"闔" : 16}, {"頜" : 4}, {"貉" : 2}],

 "ㄏㄜˋ" : [{"鶴" : 131}, {"赫" : 88}, {"賀" : 68}, {"褐" : 33}, {"喝" : 32}, {"壑" : 30}, {"和" : 20}, {"荷" : 2}],

 "ㄏㄞ" : [{"咳" : 33}, {"嗨" : 19}],

 "ㄏㄞˇ" : [{"海" : 1910}],

 "ㄏㄞˊ" : [{"還" : 3695}, {"孩" : 2074}, {"骸" : 24}],

 "ㄏㄞˋ" : [{"害" : 742}, {"駭" : 71}, {"亥" : 11}],

 "ㄏㄟ" : [{"黑" : 705}, {"嘿" : 14}],

 "ㄏㄠ" : [{"蒿" : 7}],

 "ㄏㄠˇ" : [{"好" : 5028}, {"郝" : 14}],

 "ㄏㄠˊ" : [{"毫" : 295}, {"豪" : 192}, {"嚎" : 22}, {"壕" : 12}, {"濠" : 6}, {"貉" : 4}],

 "ㄏㄠˋ" : [{"號" : 732}, {"耗" : 139}, {"好" : 136}, {"浩" : 99}, {"皓" : 27}, {"鎬" : 5}],

 "ㄏㄡˇ" : [{"吼" : 45}],

 "ㄏㄡˊ" : [{"侯" : 135}, {"猴" : 105}, {"喉" : 91}],

 "ㄏㄡˋ" : [{"後" : 5707}, {"候" : 1013}, {"厚" : 235}, {"后" : 61}, {"逅" : 8}, {"侯" : 2}],

 "ㄏㄢ" : [{"酣" : 26}, {"鼾" : 21}, {"憨" : 16}],

 "ㄏㄢˇ" : [{"喊" : 265}, {"罕" : 63}],

 "ㄏㄢˊ" : [{"韓" : 1805}, {"含" : 412}, {"寒" : 354}, {"函" : 126}, {"涵" : 103}, {"邯" : 9}, {"汗" : 6}],

 "ㄏㄢˋ" : [{"和" : 1701}, {"瀚" : 1000}, {"漢" : 214}, {"汗" : 149}, {"憾" : 71}, {"撼" : 69}, {"旱" : 50}, {"捍" : 47}, {"翰" : 38}, {"焊" : 36}, {"悍" : 34}, {"頷" : 17}],

 "ㄏㄣˇ" : [{"很" : 2859}, {"狠" : 99}],

 "ㄏㄣˊ" : [{"痕" : 90}],

 "ㄏㄣˋ" : [{"恨" : 162}],

 "ㄏㄤ" : [{"夯" : 22}],

 "ㄏㄤˊ" : [{"航" : 550}, {"行" : 202}, {"杭" : 23}, {"吭" : 6}],

 "ㄏㄤˋ" : [{"巷" : 3}],

 "ㄏㄥ" : [{"哼" : 29}, {"亨" : 24}],

 "ㄏㄥˊ" : [{"衡" : 311}, {"橫" : 295}, {"恆" : 35}, {"恒" : 24}],

 "ㄏㄨ" : [{"乎" : 681}, {"呼" : 484}, {"忽" : 199}, {"糊" : 13}, {"惚" : 13}],

 "ㄏㄨˇ" : [{"虎" : 464}, {"唬" : 12}],

 "ㄏㄨˊ" : [{"湖" : 232}, {"胡" : 198}, {"狐" : 92}, {"壺" : 61}, {"糊" : 59}, {"弧" : 31}, {"鵠" : 31}, {"葫" : 28}, {"鬍" : 20}, {"蝴" : 16}, {"瑚" : 16}, {"囫" : 7}, {"斛" : 7}, {"猢" : 6}],

 "ㄏㄨˋ" : [{"護" : 948}, {"互" : 592}, {"戶" : 579}, {"滬" : 22}, {"扈" : 18}, {"怙" : 9}, {"笏" : 5}, {"瓠" : 4}, {"糊" : 3}],

 "ㄏㄨㄚ" : [{"花" : 1622}, {"嘩" : 25}],

 "ㄏㄨㄚˊ" : [{"華" : 1086}, {"滑" : 272}, {"譁" : 20}, {"划" : 17}, {"猾" : 12}],

 "ㄏㄨㄚˋ" : [{"化" : 2786}, {"話" : 2727}, {"畫" : 917}, {"劃" : 451}, {"樺" : 38}, {"划" : 12}],

 "ㄏㄨㄛ" : [{"豁" : 23}],

 "ㄏㄨㄛˇ" : [{"火" : 1092}, {"夥" : 168}, {"伙" : 32}],

 "ㄏㄨㄛˊ" : [{"活" : 1667}],

 "ㄏㄨㄛˋ" : [{"或" : 2707}, {"獲" : 596}, {"貨" : 429}, {"禍" : 242}, {"惑" : 118}, {"霍" : 52}, {"豁" : 47}, {"穫" : 18}, {"蠖" : 10}, {"和" : 7}, {"藿" : 6}],

 "ㄏㄨㄞˊ" : [{"懷" : 435}, {"淮" : 22}, {"槐" : 14}, {"徊" : 11}],

 "ㄏㄨㄞˋ" : [{"壞" : 436}],

 "ㄏㄨㄟ" : [{"揮" : 314}, {"灰" : 231}, {"輝" : 93}, {"恢" : 86}, {"徽" : 24}, {"暉" : 12}, {"麾" : 9}, {"隳" : 7}, {"虺" : 5}],

 "ㄏㄨㄟˇ" : [{"毀" : 212}, {"悔" : 132}],

 "ㄏㄨㄟˊ" : [{"回" : 2291}, {"迴" : 252}, {"洄" : 9}],

 "ㄏㄨㄟˋ" : [{"會" : 11694}, {"惠" : 322}, {"慧" : 249}, {"匯" : 165}, {"繪" : 71}, {"彙" : 61}, {"諱" : 47}, {"賄" : 38}, {"穢" : 36}, {"晦" : 31}, {"卉" : 24}, {"誨" : 23}, {"喙" : 18}, {"蕙" : 12}, {"彗" : 8}, {"薈" : 7}],

 "ㄏㄨㄢ" : [{"歡" : 2174}],

 "ㄏㄨㄢˇ" : [{"緩" : 288}],

 "ㄏㄨㄢˊ" : [{"環" : 908}, {"鍰" : 13}, {"鬟" : 10}, {"寰" : 9}, {"圜" : 7}, {"嬛" : 3}],

 "ㄏㄨㄢˋ" : [{"換" : 698}, {"患" : 486}, {"幻" : 135}, {"喚" : 67}, {"煥" : 30}, {"渙" : 17}, {"瘓" : 17}, {"宦" : 11}, {"奐" : 8}, {"豢" : 6}, {"擐" : 5}],

 "ㄏㄨㄣ" : [{"婚" : 555}, {"昏" : 129}, {"葷" : 12}],

 "ㄏㄨㄣˊ" : [{"魂" : 205}, {"渾" : 62}, {"混" : 3}],

 "ㄏㄨㄣˋ" : [{"混" : 269}, {"溷" : 9}, {"諢" : 9}],

 "ㄏㄨㄤ" : [{"荒" : 179}, {"慌" : 91}, {"肓" : 7}],

 "ㄏㄨㄤˇ" : [{"謊" : 69}, {"晃" : 52}, {"恍" : 34}, {"幌" : 6}],

 "ㄏㄨㄤˊ" : [{"黃" : 901}, {"皇" : 202}, {"惶" : 48}, {"遑" : 45}, {"煌" : 45}, {"簧" : 25}, {"潢" : 24}, {"凰" : 19}, {"磺" : 13}, {"徨" : 10}, {"隍" : 6}],

 "ㄏㄨㄤˋ" : [{"晃" : 10}],

 "ㄏㄨㄥ" : [{"轟" : 97}, {"烘" : 53}, {"哄" : 26}],

 "ㄏㄨㄥˇ" : [{"哄" : 10}],

 "ㄏㄨㄥˊ" : [{"紅" : 788}, {"鴻" : 193}, {"洪" : 178}, {"宏" : 156}, {"弘" : 33}, {"虹" : 30}, {"閎" : 13}, {"泓" : 8}],

 "ㄏㄨㄥˋ" : [{"訌" : 6}, {"哄" : 4}],

 "ㄐㄧ" : [{"機" : 3431}, {"基" : 1743}, {"雞" : 783}, {"擊" : 761}, {"積" : 690}, {"激" : 381}, {"績" : 307}, {"跡" : 256}, {"肌" : 205}, {"饑" : 81}, {"姬" : 67}, {"圾" : 50}, {"稽" : 48}, {"羈" : 43}, {"蹟" : 41}, {"飢" : 27}, {"箕" : 25}, {"譏" : 25}, {"畸" : 24}, {"緝" : 22}, {"磯" : 22}, {"唧" : 17}, {"嘰" : 16}, {"齏" : 13}, {"屐" : 10}, {"璣" : 8}, {"齎" : 8}, {"几" : 2}, {"期" : 2}, {"奇" : 2}],

 "ㄐㄧˇ" : [{"己" : 2580}, {"幾" : 1362}, {"擠" : 142}, {"戟" : 18}, {"脊" : 12}, {"掎" : 5}, {"蟣" : 5}, {"几" : 4}],

 "ㄐㄧˊ" : [{"及" : 2568}, {"即" : 1098}, {"極" : 1000}, {"級" : 904}, {"集" : 751}, {"急" : 695}, {"疾" : 314}, {"輯" : 226}, {"吉" : 199}, {"藉" : 197}, {"籍" : 189}, {"脊" : 47}, {"棘" : 38}, {"汲" : 31}, {"嫉" : 30}, {"瘠" : 19}, {"亟" : 16}, {"戢" : 11}, {"蹐" : 10}, {"楫" : 7}, {"岌" : 7}],

 "ㄐㄧˋ" : [{"計" : 1681}, {"際" : 1288}, {"濟" : 1185}, {"記" : 1184}, {"技" : 865}, {"紀" : 644}, {"繼" : 621}, {"既" : 314}, {"季" : 299}, {"劑" : 265}, {"寄" : 188}, {"祭" : 118}, {"忌" : 114}, {"寂" : 61}, {"暨" : 59}, {"驥" : 31}, {"伎" : 25}, {"冀" : 15}, {"妓" : 15}, {"悸" : 12}, {"稷" : 10}, {"覬" : 8}, {"霽" : 6}, {"薺" : 5}],

 "ㄐㄧㄚ" : [{"家" : 5932}, {"加" : 2955}, {"佳" : 307}, {"嘉" : 209}, {"夾" : 161}, {"傢" : 41}, {"浹" : 21}, {"茄" : 15}, {"枷" : 12}, {"伽" : 11}, {"珈" : 11}, {"葭" : 8}, {"迦" : 5}],

 "ㄐㄧㄚˇ" : [{"假" : 535}, {"甲" : 282}, {"賈" : 34}, {"鉀" : 23}],

 "ㄐㄧㄚˊ" : [{"頰" : 27}, {"戛" : 14}, {"莢" : 7}],

 "ㄐㄧㄚˋ" : [{"價" : 1478}, {"架" : 453}, {"假" : 197}, {"駕" : 190}, {"嫁" : 102}, {"稼" : 12}],

 "ㄐㄧㄚ˙" : [{"家" : 25}],

 "ㄐㄧㄝ" : [{"接" : 1908}, {"階" : 461}, {"街" : 336}, {"皆" : 208}, {"揭" : 136}, {"嗟" : 13}, {"秸" : 6}],

 "ㄐㄧㄝˇ" : [{"解" : 2003}, {"姐" : 118}],

 "ㄐㄧㄝˊ" : [{"結" : 1813}, {"節" : 1083}, {"潔" : 211}, {"捷" : 166}, {"截" : 151}, {"傑" : 128}, {"竭" : 99}, {"劫" : 76}, {"杰" : 37}, {"睫" : 32}, {"詰" : 18}, {"拮" : 17}, {"桀" : 17}, {"孑" : 13}, {"絜" : 8}, {"訐" : 6}, {"桔" : 2}],

 "ㄐㄧㄝˋ" : [{"界" : 2145}, {"介" : 309}, {"借" : 225}, {"戒" : 164}, {"屆" : 145}, {"藉" : 41}, {"芥" : 33}, {"誡" : 25}, {"疥" : 11}, {"解" : 5}],

 "ㄐㄧㄠ" : [{"交" : 2198}, {"教" : 502}, {"膠" : 295}, {"焦" : 216}, {"驕" : 85}, {"嬌" : 76}, {"郊" : 51}, {"椒" : 36}, {"澆" : 35}, {"礁" : 33}, {"蕉" : 22}, {"蛟" : 13}, {"跤" : 10}, {"姣" : 7}, {"燋" : 4}],

 "ㄐㄧㄠˇ" : [{"角" : 666}, {"腳" : 498}, {"繳" : 113}, {"矯" : 90}, {"攪" : 45}, {"絞" : 45}, {"狡" : 26}, {"佼" : 17}, {"餃" : 15}, {"剿" : 15}, {"皎" : 11}, {"僥" : 10}, {"撟" : 8}, {"徼" : 3}],

 "ㄐㄧㄠˊ" : [{"嚼" : 7}],

 "ㄐㄧㄠˋ" : [{"教" : 2417}, {"較" : 901}, {"叫" : 531}, {"覺" : 201}, {"轎" : 41}, {"酵" : 40}, {"窖" : 18}, {"校" : 11}, {"醮" : 4}],

 "ㄐㄧㄡ" : [{"究" : 796}, {"糾" : 93}, {"揪" : 29}, {"鳩" : 28}, {"赳" : 7}, {"啾" : 6}],

 "ㄐㄧㄡˇ" : [{"九" : 722}, {"酒" : 703}, {"久" : 570}, {"灸" : 13}, {"韭" : 6}],

 "ㄐㄧㄡˋ" : [{"就" : 6934}, {"救" : 548}, {"舊" : 514}, {"咎" : 38}, {"舅" : 30}, {"臼" : 27}, {"柩" : 24}, {"疚" : 16}],

 "ㄐㄧㄢ" : [{"間" : 3067}, {"監" : 522}, {"堅" : 480}, {"兼" : 308}, {"尖" : 218}, {"肩" : 182}, {"奸" : 103}, {"艱" : 92}, {"煎" : 47}, {"姦" : 36}, {"殲" : 29}, {"緘" : 24}, {"箋" : 11}, {"菅" : 6}, {"縑" : 6}, {"湔" : 2}],

 "ㄐㄧㄢˇ" : [{"檢" : 786}, {"減" : 622}, {"簡" : 574}, {"柬" : 265}, {"剪" : 115}, {"撿" : 64}, {"儉" : 51}, {"鹼" : 48}, {"揀" : 26}, {"繭" : 25}, {"蹇" : 23}, {"堿" : 21}, {"翦" : 6}, {"趼" : 3}],

 "ㄐㄧㄢˋ" : [{"見" : 2481}, {"件" : 1357}, {"建" : 1243}, {"健" : 577}, {"漸" : 380}, {"鍵" : 305}, {"艦" : 196}, {"劍" : 168}, {"箭" : 131}, {"踐" : 92}, {"薦" : 86}, {"賤" : 78}, {"鑒" : 77}, {"鑑" : 60}, {"諫" : 25}, {"荐" : 25}, {"濺" : 20}, {"腱" : 9}, {"餞" : 8}, {"澗" : 7}],

 "ㄐㄧㄣ" : [{"金" : 2597}, {"今" : 1799}, {"津" : 123}, {"斤" : 117}, {"筋" : 100}, {"巾" : 76}, {"禁" : 55}, {"襟" : 42}, {"矜" : 40}, {"衿" : 6}],

 "ㄐㄧㄣˇ" : [{"僅" : 1012}, {"盡" : 637}, {"緊" : 567}, {"儘" : 226}, {"錦" : 188}, {"謹" : 88}, {"槿" : 28}, {"瑾" : 5}],

 "ㄐㄧㄣˋ" : [{"進" : 4046}, {"近" : 1822}, {"禁" : 343}, {"勁" : 132}, {"晉" : 119}, {"浸" : 68}, {"噤" : 13}, {"燼" : 10}],

 "ㄐㄧㄤ" : [{"將" : 2655}, {"江" : 501}, {"漿" : 120}, {"僵" : 81}, {"疆" : 63}, {"薑" : 27}, {"韁" : 11}, {"姜" : 9}],

 "ㄐㄧㄤˇ" : [{"講" : 613}, {"獎" : 407}, {"蔣" : 241}, {"槳" : 12}, {"奬" : 6}],

 "ㄐㄧㄤˋ" : [{"降" : 489}, {"醬" : 92}, {"匠" : 77}, {"彊" : 3}],

 "ㄐㄧㄥ" : [{"經" : 4814}, {"精" : 830}, {"驚" : 525}, {"京" : 524}, {"晶" : 151}, {"睛" : 124}, {"鯨" : 97}, {"荊" : 51}, {"菁" : 44}, {"兢" : 27}, {"莖" : 18}, {"涇" : 13}, {"旌" : 13}],

 "ㄐㄧㄥˇ" : [{"景" : 596}, {"警" : 586}, {"井" : 205}, {"頸" : 89}, {"阱" : 22}, {"儆" : 11}, {"丼" : 11}, {"憬" : 10}],

 "ㄐㄧㄥˋ" : [{"境" : 889}, {"竟" : 554}, {"競" : 403}, {"靜" : 377}, {"鏡" : 264}, {"敬" : 246}, {"淨" : 170}, {"徑" : 148}, {"脛" : 36}, {"靖" : 25}, {"逕" : 25}, {"痙" : 13}, {"靚" : 7}],

 "ㄐㄩ" : [{"居" : 666}, {"拘" : 88}, {"駒" : 18}, {"鞠" : 17}, {"据" : 14}, {"裾" : 10}, {"疽" : 9}, {"掬" : 7}, {"苴" : 5}],

 "ㄐㄩˇ" : [{"舉" : 1446}, {"矩" : 70}, {"沮" : 25}, {"咀" : 22}, {"踽" : 9}, {"齟" : 7}],

 "ㄐㄩˊ" : [{"局" : 1155}, {"菊" : 145}, {"橘" : 54}, {"侷" : 14}, {"桔" : 12}, {"跼" : 8}],

 "ㄐㄩˋ" : [{"據" : 899}, {"具" : 840}, {"劇" : 599}, {"句" : 479}, {"聚" : 314}, {"拒" : 285}, {"距" : 285}, {"巨" : 207}, {"俱" : 156}, {"懼" : 95}, {"鋸" : 53}, {"鉅" : 27}, {"踞" : 21}, {"屨" : 16}, {"钜" : 14}, {"炬" : 11}, {"遽" : 10}, {"倨" : 8}, {"据" : 2}],

 "ㄐㄩㄝ" : [{"撅" : 6}, {"蹻" : 4}],

 "ㄐㄩㄝˇ" : [{"蹶" : 2}],

 "ㄐㄩㄝˊ" : [{"決" : 1452}, {"覺" : 1099}, {"絕" : 993}, {"角" : 292}, {"崛" : 76}, {"掘" : 64}, {"爵" : 48}, {"嚼" : 43}, {"抉" : 32}, {"訣" : 30}, {"厥" : 20}, {"譎" : 18}, {"攫" : 13}, {"倔" : 12}, {"噱" : 10}, {"蹶" : 8}, {"獗" : 6}],

 "ㄐㄩㄢ" : [{"捐" : 177}, {"涓" : 18}, {"娟" : 14}, {"鵑" : 9}, {"鐫" : 7}],

 "ㄐㄩㄢˇ" : [{"卷" : 140}, {"捲" : 82}],

 "ㄐㄩㄢˋ" : [{"倦" : 56}, {"眷" : 36}, {"卷" : 26}, {"絹" : 10}, {"雋" : 4}, {"圈" : 3}],

 "ㄐㄩㄣ" : [{"軍" : 1615}, {"均" : 386}, {"君" : 236}, {"菌" : 142}, {"鈞" : 36}],

 "ㄐㄩㄣˋ" : [{"俊" : 114}, {"峻" : 79}, {"駿" : 36}, {"郡" : 17}, {"竣" : 7}],

 "ㄐㄩㄥˇ" : [{"窘" : 42}, {"迥" : 16}, {"囧" : 13}, {"炯" : 11}],

 "ㄑㄧ" : [{"期" : 2216}, {"七" : 535}, {"妻" : 233}, {"漆" : 114}, {"欺" : 101}, {"棲" : 87}, {"戚" : 65}, {"淒" : 42}, {"蹊" : 22}, {"栖" : 6}, {"萋" : 6}],

 "ㄑㄧˇ" : [{"起" : 3051}, {"企" : 811}, {"啟" : 353}, {"豈" : 76}, {"乞" : 45}, {"綺" : 28}, {"杞" : 21}, {"稽" : 2}],

 "ㄑㄧˊ" : [{"其" : 3549}, {"奇" : 1391}, {"旗" : 332}, {"齊" : 281}, {"騎" : 206}, {"歧" : 113}, {"棋" : 95}, {"祈" : 52}, {"崎" : 26}, {"琪" : 20}, {"鰭" : 16}, {"淇" : 14}, {"岐" : 14}, {"臍" : 13}, {"耆" : 13}, {"祁" : 12}, {"萁" : 10}, {"琦" : 8}, {"錡" : 7}, {"俟" : 7}, {"麒" : 6}, {"騏" : 6}, {"祇" : 3}, {"跂" : 3}],

 "ㄑㄧˋ" : [{"氣" : 2111}, {"器" : 1013}, {"棄" : 445}, {"汽" : 250}, {"契" : 170}, {"泣" : 99}, {"迄" : 47}, {"憩" : 21}, {"砌" : 19}, {"訖" : 13}],

 "ㄑㄧㄚ" : [{"掐" : 26}],

 "ㄑㄧㄚˇ" : [{"卡" : 5}],

 "ㄑㄧㄚˋ" : [{"恰" : 67}, {"洽" : 61}, {"髂" : 22}],

 "ㄑㄧㄝ" : [{"切" : 90}],

 "ㄑㄧㄝˇ" : [{"且" : 963}],

 "ㄑㄧㄝˊ" : [{"茄" : 19}],

 "ㄑㄧㄝˋ" : [{"切" : 641}, {"竊" : 97}, {"怯" : 45}, {"挈" : 16}, {"篋" : 12}, {"妾" : 11}, {"愜" : 6}],

 "ㄑㄧㄠ" : [{"敲" : 148}, {"悄" : 47}, {"蹺" : 21}],

 "ㄑㄧㄠˇ" : [{"巧" : 238}, {"悄" : 3}],

 "ㄑㄧㄠˊ" : [{"橋" : 152}, {"僑" : 123}, {"喬" : 79}, {"瞧" : 43}, {"憔" : 8}, {"樵" : 7}, {"蕎" : 5}],

 "ㄑㄧㄠˋ" : [{"俏" : 37}, {"翹" : 35}, {"竅" : 30}, {"峭" : 20}, {"撬" : 13}, {"鞘" : 9}],

 "ㄑㄧㄡ" : [{"秋" : 251}, {"邱" : 81}, {"丘" : 71}],

 "ㄑㄧㄡˇ" : [{"糗" : 9}],

 "ㄑㄧㄡˊ" : [{"求" : 1589}, {"球" : 1431}, {"裘" : 55}, {"囚" : 29}, {"酋" : 9}],

 "ㄑㄧㄢ" : [{"千" : 898}, {"簽" : 407}, {"牽" : 225}, {"遷" : 222}, {"謙" : 91}, {"籤" : 79}, {"鉛" : 63}, {"慳" : 8}, {"愆" : 7}, {"阡" : 6}, {"搴" : 6}, {"芊" : 5}],

 "ㄑㄧㄢˇ" : [{"淺" : 177}, {"遣" : 102}, {"譴" : 35}],

 "ㄑㄧㄢˊ" : [{"前" : 4166}, {"錢" : 993}, {"潛" : 238}, {"鉗" : 31}, {"乾" : 21}, {"黔" : 19}, {"虔" : 15}, {"蕁" : 5}],

 "ㄑㄧㄢˋ" : [{"欠" : 167}, {"歉" : 130}, {"嵌" : 23}, {"塹" : 11}, {"槧" : 8}, {"倩" : 7}],

 "ㄑㄧㄣ" : [{"親" : 1339}, {"侵" : 491}, {"欽" : 43}, {"衾" : 11}],

 "ㄑㄧㄣˇ" : [{"寢" : 66}],

 "ㄑㄧㄣˊ" : [{"勤" : 250}, {"琴" : 119}, {"秦" : 54}, {"禽" : 50}, {"擒" : 31}, {"芹" : 12}, {"溱" : 6}],

 "ㄑㄧㄣˋ" : [{"沁" : 8}],

 "ㄑㄧㄤ" : [{"槍" : 375}, {"腔" : 130}, {"嗆" : 67}, {"鏘" : 13}, {"羌" : 11}, {"戕" : 8}, {"瑲" : 7}, {"蹌" : 5}],

 "ㄑㄧㄤˇ" : [{"搶" : 244}],

 "ㄑㄧㄤˊ" : [{"強" : 1741}, {"牆" : 256}, {"薔" : 9}, {"墻" : 7}, {"强" : 6}],

 "ㄑㄧㄥ" : [{"清" : 1631}, {"輕" : 1196}, {"青" : 704}, {"傾" : 275}, {"卿" : 78}, {"氫" : 45}, {"蜻" : 7}],

 "ㄑㄧㄥˇ" : [{"請" : 921}, {"頃" : 37}],

 "ㄑㄧㄥˊ" : [{"情" : 2879}, {"晴" : 54}, {"擎" : 43}, {"氰" : 15}],

 "ㄑㄧㄥˋ" : [{"慶" : 197}, {"罄" : 8}, {"磬" : 7}],

 "ㄑㄩ" : [{"區" : 1652}, {"曲" : 353}, {"屈" : 211}, {"趨" : 202}, {"驅" : 136}, {"軀" : 42}, {"祛" : 10}, {"詘" : 8}],

 "ㄑㄩˇ" : [{"取" : 1369}, {"曲" : 129}, {"娶" : 32}, {"齲" : 26}],

 "ㄑㄩˊ" : [{"渠" : 38}, {"衢" : 14}],

 "ㄑㄩˋ" : [{"去" : 4420}, {"趣" : 314}, {"覷" : 13}],

 "ㄑㄩㄝ" : [{"缺" : 516}],

 "ㄑㄩㄝˊ" : [{"瘸" : 6}],

 "ㄑㄩㄝˋ" : [{"卻" : 1699}, {"確" : 968}, {"雀" : 105}, {"闕" : 44}, {"鵲" : 30}, {"榷" : 7}],

 "ㄑㄩㄢ" : [{"圈" : 313}, {"悛" : 14}],

 "ㄑㄩㄢˇ" : [{"犬" : 206}],

 "ㄑㄩㄢˊ" : [{"全" : 3267}, {"權" : 2220}, {"拳" : 128}, {"泉" : 122}, {"詮" : 44}, {"醛" : 11}, {"蜷" : 8}, {"痊" : 7}, {"銓" : 7}],

 "ㄑㄩㄢˋ" : [{"勸" : 113}, {"券" : 110}],

 "ㄑㄩㄣˊ" : [{"群" : 766}, {"裙" : 75}],

 "ㄑㄩㄥˊ" : [{"窮" : 421}, {"瓊" : 70}, {"穹" : 12}, {"煢" : 11}, {"跫" : 4}],

 "ㄒㄧ" : [{"西" : 1410}, {"希" : 767}, {"息" : 699}, {"吸" : 439}, {"析" : 283}, {"夕" : 183}, {"惜" : 182}, {"稀" : 107}, {"悉" : 105}, {"錫" : 92}, {"膝" : 89}, {"犧" : 77}, {"溪" : 74}, {"昔" : 52}, {"熙" : 42}, {"晰" : 29}, {"嬉" : 28}, {"犀" : 28}, {"嘻" : 27}, {"烯" : 26}, {"兮" : 25}, {"熄" : 24}, {"蜥" : 15}, {"熹" : 11}, {"汐" : 9}, {"奚" : 8}, {"醯" : 7}, {"唏" : 7}, {"蹊" : 2}],

 "ㄒㄧˇ" : [{"喜" : 705}, {"洗" : 381}, {"徙" : 25}, {"璽" : 9}, {"屣" : 8}, {"禧" : 7}],

 "ㄒㄧˊ" : [{"習" : 1456}, {"席" : 722}, {"襲" : 164}, {"媳" : 49}, {"檄" : 7}],

 "ㄒㄧˋ" : [{"係" : 1411}, {"系" : 1023}, {"細" : 581}, {"戲" : 502}, {"繫" : 88}, {"隙" : 71}, {"矽" : 53}, {"郤" : 8}, {"舄" : 7}, {"鬩" : 7}],

 "ㄒㄧㄚ" : [{"蝦" : 55}, {"瞎" : 52}],

 "ㄒㄧㄚˊ" : [{"瑕" : 80}, {"轄" : 71}, {"峽" : 60}, {"狹" : 52}, {"俠" : 48}, {"暇" : 43}, {"霞" : 42}, {"遐" : 25}, {"匣" : 20}, {"狎" : 6}, {"柙" : 5}],

 "ㄒㄧㄚˋ" : [{"下" : 5320}, {"夏" : 185}, {"嚇" : 139}],

 "ㄒㄧㄝ" : [{"些" : 1969}, {"歇" : 48}, {"蠍" : 12}, {"楔" : 10}],

 "ㄒㄧㄝˇ" : [{"寫" : 709}, {"血" : 27}],

 "ㄒㄧㄝˊ" : [{"協" : 1060}, {"脅" : 170}, {"鞋" : 145}, {"斜" : 97}, {"邪" : 94}, {"攜" : 94}, {"挾" : 52}, {"諧" : 50}, {"偕" : 27}, {"擷" : 6}],

 "ㄒㄧㄝˋ" : [{"謝" : 452}, {"械" : 118}, {"卸" : 86}, {"洩" : 75}, {"瀉" : 39}, {"屑" : 35}, {"蟹" : 32}, {"泄" : 31}, {"懈" : 28}, {"燮" : 9}, {"邂" : 8}, {"褻" : 8}, {"榭" : 8}, {"渫" : 3}, {"解" : 3}],

 "ㄒㄧㄠ" : [{"消" : 958}, {"銷" : 470}, {"蕭" : 105}, {"宵" : 71}, {"囂" : 32}, {"硝" : 32}, {"霄" : 29}, {"哮" : 23}, {"瀟" : 19}, {"梟" : 18}, {"簫" : 16}, {"逍" : 15}, {"削" : 10}, {"鴞" : 8}, {"驍" : 6}, {"肖" : 4}],

 "ㄒㄧㄠˇ" : [{"小" : 4766}, {"曉" : 101}],

 "ㄒㄧㄠˊ" : [{"淆" : 25}],

 "ㄒㄧㄠˋ" : [{"校" : 1543}, {"效" : 875}, {"笑" : 813}, {"孝" : 114}, {"嘯" : 53}, {"肖" : 23}],

 "ㄒㄧㄡ" : [{"修" : 1098}, {"休" : 756}, {"羞" : 119}, {"咻" : 6}, {"脩" : 4}],

 "ㄒㄧㄡˇ" : [{"朽" : 69}, {"宿" : 5}],

 "ㄒㄧㄡˋ" : [{"秀" : 232}, {"袖" : 192}, {"繡" : 58}, {"銹" : 33}, {"嗅" : 24}, {"鏽" : 19}, {"溴" : 10}, {"褎" : 4}, {"宿" : 4}, {"臭" : 3}],

 "ㄒㄧㄢ" : [{"先" : 1645}, {"鮮" : 499}, {"仙" : 97}, {"纖" : 90}, {"掀" : 73}],

 "ㄒㄧㄢˇ" : [{"顯" : 902}, {"險" : 537}, {"銑" : 6}, {"跣" : 5}],

 "ㄒㄧㄢˊ" : [{"賢" : 193}, {"閒" : 170}, {"嫌" : 147}, {"弦" : 107}, {"銜" : 85}, {"閑" : 56}, {"鹹" : 50}, {"涎" : 23}, {"嫻" : 19}, {"舷" : 13}, {"咸" : 11}, {"癇" : 8}, {"撏" : 6}, {"絃" : 5}],

 "ㄒㄧㄢˋ" : [{"現" : 3578}, {"線" : 1244}, {"限" : 882}, {"縣" : 395}, {"憲" : 348}, {"陷" : 239}, {"獻" : 208}, {"腺" : 73}, {"羨" : 67}, {"餡" : 19}, {"綫" : 12}, {"羡" : 6}],

 "ㄒㄧㄣ" : [{"心" : 5246}, {"新" : 4212}, {"薪" : 735}, {"辛" : 257}, {"欣" : 115}, {"馨" : 40}, {"鋅" : 30}, {"忻" : 23}, {"芯" : 19}, {"歆" : 7}],

 "ㄒㄧㄣˋ" : [{"信" : 1663}, {"釁" : 37}, {"芯" : 2}],

 "ㄒㄧㄤ" : [{"相" : 3279}, {"香" : 698}, {"鄉" : 419}, {"箱" : 218}, {"鑲" : 36}, {"襄" : 23}, {"廂" : 21}, {"湘" : 15}, {"驤" : 12}],

 "ㄒㄧㄤˇ" : [{"想" : 3892}, {"響" : 825}, {"享" : 372}, {"饗" : 15}, {"餉" : 12}],

 "ㄒㄧㄤˊ" : [{"祥" : 113}, {"詳" : 110}, {"翔" : 84}, {"降" : 62}],

 "ㄒㄧㄤˋ" : [{"向" : 1709}, {"像" : 1328}, {"項" : 891}, {"象" : 806}, {"相" : 227}, {"巷" : 95}, {"橡" : 62}, {"嚮" : 26}],

 "ㄒㄧㄥ" : [{"星" : 764}, {"腥" : 30}, {"猩" : 23}, {"惺" : 22}],

 "ㄒㄧㄥˇ" : [{"醒" : 298}, {"省" : 72}],

 "ㄒㄧㄥˊ" : [{"行" : 5050}, {"形" : 1271}, {"型" : 912}, {"刑" : 272}, {"邢" : 16}],

 "ㄒㄧㄥˋ" : [{"性" : 3119}, {"興" : 733}, {"幸" : 365}, {"姓" : 201}, {"杏" : 31}, {"倖" : 29}, {"婞" : 7}, {"悻" : 6}],

 "ㄒㄩ" : [{"需" : 1111}, {"須" : 789}, {"虛" : 341}, {"噓" : 27}, {"鬚" : 18}, {"戌" : 13}, {"墟" : 10}, {"吁" : 7}, {"胥" : 5}],

 "ㄒㄩˇ" : [{"許" : 1358}, {"栩" : 7}, {"詡" : 6}, {"呴" : 4}],

 "ㄒㄩˊ" : [{"徐" : 74}],

 "ㄒㄩˋ" : [{"續" : 1176}, {"序" : 313}, {"緒" : 300}, {"敘" : 100}, {"蓄" : 84}, {"恤" : 45}, {"婿" : 41}, {"絮" : 35}, {"旭" : 27}, {"畜" : 16}, {"酗" : 13}, {"煦" : 13}],

 "ㄒㄩㄝ" : [{"削" : 108}, {"靴" : 32}, {"薛" : 23}],

 "ㄒㄩㄝˇ" : [{"雪" : 359}],

 "ㄒㄩㄝˊ" : [{"學" : 5944}, {"穴" : 105}],

 "ㄒㄩㄝˋ" : [{"血" : 760}, {"謔" : 9}],

 "ㄒㄩㄢ" : [{"宣" : 740}, {"軒" : 35}, {"喧" : 35}, {"揎" : 18}, {"暄" : 10}, {"萱" : 9}, {"瑄" : 9}],

 "ㄒㄩㄢˇ" : [{"選" : 3805}, {"癬" : 35}],

 "ㄒㄩㄢˊ" : [{"懸" : 187}, {"旋" : 180}, {"玄" : 50}, {"璿" : 12}, {"漩" : 9}],

 "ㄒㄩㄢˋ" : [{"眩" : 53}, {"炫" : 33}, {"鉉" : 19}, {"渲" : 9}, {"絢" : 7}, {"衒" : 7}],

 "ㄒㄩㄣ" : [{"勳" : 1000}, {"熏" : 30}, {"薰" : 30}, {"勛" : 23}, {"醺" : 7}],

 "ㄒㄩㄣˊ" : [{"尋" : 304}, {"詢" : 211}, {"巡" : 149}, {"循" : 146}, {"旬" : 53}, {"馴" : 38}],

 "ㄒㄩㄣˋ" : [{"訊" : 588}, {"訓" : 305}, {"遜" : 79}, {"迅" : 72}, {"殉" : 34}, {"徇" : 20}, {"汛" : 12}],

 "ㄒㄩㄥ" : [{"兄" : 202}, {"胸" : 192}, {"凶" : 55}, {"兇" : 52}, {"洶" : 37}, {"匈" : 9}],

 "ㄒㄩㄥˊ" : [{"雄" : 505}, {"熊" : 130}],

 "ㄓ" : [{"之" : 6502}, {"知" : 2314}, {"支" : 1151}, {"織" : 507}, {"隻" : 278}, {"枝" : 205}, {"脂" : 158}, {"汁" : 95}, {"肢" : 53}, {"芝" : 42}, {"吱" : 25}, {"蜘" : 10}, {"只" : 9}, {"胝" : 5}],

 "ㄓˇ" : [{"只" : 3054}, {"指" : 1566}, {"止" : 662}, {"紙" : 437}, {"址" : 119}, {"芷" : 79}, {"旨" : 69}, {"趾" : 41}, {"徵" : 32}, {"祉" : 22}, {"酯" : 16}, {"咫" : 14}, {"衹" : 3}],

 "ㄓˊ" : [{"直" : 1630}, {"職" : 1195}, {"值" : 1020}, {"執" : 812}, {"植" : 185}, {"殖" : 155}, {"侄" : 17}, {"蹠" : 11}, {"姪" : 7}, {"埴" : 6}],

 "ㄓˋ" : [{"治" : 2191}, {"制" : 2056}, {"至" : 2019}, {"質" : 1188}, {"致" : 780}, {"志" : 681}, {"製" : 607}, {"置" : 573}, {"智" : 529}, {"誌" : 144}, {"秩" : 66}, {"滯" : 56}, {"稚" : 55}, {"擲" : 51}, {"幟" : 37}, {"緻" : 37}, {"摯" : 27}, {"峙" : 25}, {"炙" : 24}, {"窒" : 20}, {"櫛" : 17}, {"陟" : 10}, {"雉" : 10}, {"痔" : 9}, {"彘" : 8}, {"帙" : 7}, {"鷙" : 5}, {"疐" : 5}, {"知" : 3}],

 "ㄓㄚ" : [{"扎" : 63}, {"渣" : 41}, {"劄" : 15}, {"吒" : 13}, {"喳" : 9}, {"查" : 6}, {"咋" : 2}],

 "ㄓㄚˇ" : [{"眨" : 17}],

 "ㄓㄚˊ" : [{"閘" : 37}, {"炸" : 36}, {"札" : 16}],

 "ㄓㄚˋ" : [{"炸" : 155}, {"詐" : 96}, {"乍" : 33}, {"榨" : 30}, {"柞" : 5}, {"吒" : 3}],

 "ㄓㄜ" : [{"遮" : 125}],

 "ㄓㄜˇ" : [{"者" : 5135}, {"褶" : 11}, {"赭" : 6}],

 "ㄓㄜˊ" : [{"哲" : 508}, {"折" : 381}, {"轍" : 80}, {"摺" : 26}, {"輒" : 15}, {"蟄" : 9}],

 "ㄓㄜˋ" : [{"這" : 9880}, {"蔗" : 26}, {"浙" : 22}],

 "ㄓㄜ˙" : [{"著" : 3406}],

 "ㄓㄞ" : [{"摘" : 143}, {"齋" : 21}, {"擿" : 2}],

 "ㄓㄞˇ" : [{"窄" : 48}],

 "ㄓㄞˊ" : [{"宅" : 92}],

 "ㄓㄞˋ" : [{"寨" : 272}, {"債" : 178}],

 "ㄓㄠ" : [{"招" : 406}, {"朝" : 110}, {"昭" : 64}, {"釗" : 19}],

 "ㄓㄠˇ" : [{"找" : 718}, {"爪" : 54}, {"沼" : 15}],

 "ㄓㄠˋ" : [{"照" : 1090}, {"召" : 229}, {"罩" : 86}, {"兆" : 81}, {"趙" : 77}, {"肇" : 25}, {"詔" : 12}, {"櫂" : 6}],

 "ㄓㄡ" : [{"周" : 742}, {"洲" : 656}, {"州" : 400}, {"週" : 313}, {"舟" : 113}, {"粥" : 28}, {"謅" : 8}, {"啁" : 3}],

 "ㄓㄡˇ" : [{"肘" : 38}, {"帚" : 21}],

 "ㄓㄡˊ" : [{"軸" : 143}, {"柚" : 3}],

 "ㄓㄡˋ" : [{"驟" : 67}, {"宙" : 55}, {"晝" : 49}, {"皺" : 43}, {"咒" : 34}, {"縐" : 12}, {"胄" : 8}],

 "ㄓㄢ" : [{"詹" : 95}, {"沾" : 76}, {"瞻" : 57}, {"粘" : 48}, {"氈" : 22}, {"占" : 6}, {"詀" : 3}],

 "ㄓㄢˇ" : [{"展" : 1484}, {"斬" : 74}, {"輾" : 18}, {"嶄" : 16}, {"盞" : 15}],

 "ㄓㄢˋ" : [{"戰" : 2096}, {"站" : 801}, {"佔" : 194}, {"占" : 183}, {"綻" : 30}, {"棧" : 29}, {"湛" : 17}, {"蘸" : 6}],

 "ㄓㄣ" : [{"真" : 1898}, {"針" : 477}, {"珍" : 206}, {"偵" : 80}, {"貞" : 53}, {"斟" : 18}, {"禎" : 16}, {"箴" : 14}, {"甄" : 13}, {"臻" : 9}, {"榛" : 7}, {"砧" : 6}, {"胗" : 4}],

 "ㄓㄣˇ" : [{"診" : 355}, {"枕" : 119}, {"疹" : 27}],

 "ㄓㄣˋ" : [{"陣" : 335}, {"震" : 307}, {"振" : 230}, {"鎮" : 156}, {"圳" : 58}, {"賑" : 17}, {"鴆" : 7}],

 "ㄓㄤ" : [{"張" : 1205}, {"章" : 1177}, {"彰" : 106}, {"璋" : 12}, {"樟" : 6}, {"獐" : 6}],

 "ㄓㄤˇ" : [{"長" : 4862}, {"掌" : 324}, {"漲" : 241}],

 "ㄓㄤˋ" : [{"障" : 305}, {"帳" : 253}, {"丈" : 93}, {"仗" : 73}, {"脹" : 46}, {"杖" : 44}, {"賬" : 18}, {"嶂" : 13}, {"瘴" : 8}],

 "ㄓㄥ" : [{"爭" : 1292}, {"徵" : 371}, {"征" : 146}, {"蒸" : 93}, {"掙" : 56}, {"睜" : 53}, {"箏" : 24}, {"錚" : 18}, {"癥" : 9}, {"怔" : 8}, {"崢" : 6}, {"正" : 6}],

 "ㄓㄥˇ" : [{"整" : 1146}, {"拯" : 20}],

 "ㄓㄥˋ" : [{"政" : 6314}, {"正" : 3173}, {"證" : 1176}, {"症" : 384}, {"鄭" : 148}, {"諍" : 9}, {"幀" : 6}],

 "ㄓㄨ" : [{"珠" : 310}, {"豬" : 224}, {"諸" : 200}, {"朱" : 197}, {"誅" : 46}, {"株" : 42}, {"銖" : 32}, {"蛛" : 24}, {"茱" : 18}, {"侏" : 8}],

 "ㄓㄨˇ" : [{"主" : 4180}, {"煮" : 144}, {"矚" : 37}, {"囑" : 26}, {"丶" : 26}, {"拄" : 8}, {"褚" : 2}],

 "ㄓㄨˊ" : [{"逐" : 412}, {"竹" : 261}, {"築" : 146}, {"燭" : 57}],

 "ㄓㄨˋ" : [{"助" : 1022}, {"住" : 895}, {"注" : 603}, {"駐" : 188}, {"柱" : 139}, {"祝" : 121}, {"註" : 103}, {"鑄" : 64}, {"著" : 46}, {"貯" : 26}, {"蛀" : 24}, {"翥" : 18}, {"杼" : 16}, {"佇" : 16}, {"筑" : 11}, {"箸" : 11}],

 "ㄓㄨㄚ" : [{"抓" : 219}],

 "ㄓㄨㄚˇ" : [{"爪" : 5}],

 "ㄓㄨㄛ" : [{"桌" : 228}, {"捉" : 137}, {"卓" : 54}, {"拙" : 53}],

 "ㄓㄨㄛˊ" : [{"濁" : 62}, {"酌" : 41}, {"茁" : 33}, {"灼" : 23}, {"琢" : 21}, {"斫" : 17}, {"濯" : 17}, {"啄" : 13}, {"鐲" : 9}, {"擢" : 7}, {"著" : 2}],

 "ㄓㄨㄞ" : [{"拽" : 13}],

 "ㄓㄨㄞˋ" : [{"拽" : 8}],

 "ㄓㄨㄟ" : [{"追" : 556}, {"錐" : 48}, {"椎" : 14}],

 "ㄓㄨㄟˋ" : [{"墜" : 63}, {"贅" : 29}, {"綴" : 14}, {"惴" : 5}],

 "ㄓㄨㄢ" : [{"專" : 1421}, {"磚" : 67}],

 "ㄓㄨㄢˇ" : [{"轉" : 1524}],

 "ㄓㄨㄢˋ" : [{"賺" : 278}, {"撰" : 99}, {"篆" : 14}, {"饌" : 11}],

 "ㄓㄨㄣ" : [{"諄" : 24}],

 "ㄓㄨㄣˇ" : [{"準" : 764}, {"准" : 176}],

 "ㄓㄨㄤ" : [{"裝" : 875}, {"莊" : 115}, {"妝" : 91}, {"樁" : 28}, {"庄" : 10}],

 "ㄓㄨㄤˋ" : [{"狀" : 974}, {"壯" : 222}, {"撞" : 206}],

 "ㄓㄨㄥ" : [{"中" : 10599}, {"終" : 812}, {"鐘" : 313}, {"忠" : 291}, {"衷" : 69}, {"鍾" : 32}],

 "ㄓㄨㄥˇ" : [{"種" : 2145}, {"腫" : 110}, {"踵" : 67}, {"塚" : 11}],

 "ㄓㄨㄥˋ" : [{"重" : 3119}, {"眾" : 1504}, {"仲" : 91}, {"中" : 71}, {"衆" : 7}],

 "ㄔ" : [{"吃" : 1201}, {"癡" : 53}, {"鴟" : 17}, {"嗤" : 8}, {"哧" : 7}, {"痴" : 7}],

 "ㄔˇ" : [{"齒" : 305}, {"尺" : 251}, {"恥" : 91}, {"侈" : 35}, {"呎" : 9}],

 "ㄔˊ" : [{"持" : 1807}, {"池" : 198}, {"遲" : 187}, {"馳" : 88}, {"弛" : 24}, {"墀" : 12}, {"篪" : 7}, {"匙" : 4}],

 "ㄔˋ" : [{"赤" : 153}, {"翅" : 111}, {"斥" : 97}, {"叱" : 17}, {"熾" : 12}, {"啻" : 8}, {"敕" : 6}],

 "ㄔㄚ" : [{"差" : 201}, {"插" : 135}, {"叉" : 76}, {"喳" : 7}],

 "ㄔㄚˊ" : [{"查" : 886}, {"察" : 646}, {"茶" : 257}, {"茬" : 16}, {"碴" : 9}],

 "ㄔㄚˋ" : [{"差" : 565}, {"岔" : 18}, {"詫" : 8}, {"刹" : 5}, {"叉" : 4}],

 "ㄔㄜ" : [{"車" : 2032}],

 "ㄔㄜˇ" : [{"扯" : 135}],

 "ㄔㄜˋ" : [{"徹" : 140}, {"撤" : 102}, {"掣" : 24}, {"澈" : 16}],

 "ㄔㄞ" : [{"拆" : 106}, {"差" : 37}, {"釵" : 24}],

 "ㄔㄞˊ" : [{"柴" : 89}, {"豺" : 18}, {"儕" : 11}, {"齜" : 6}],

 "ㄔㄠ" : [{"超" : 923}, {"抄" : 94}, {"鈔" : 25}, {"吵" : 3}],

 "ㄔㄠˇ" : [{"炒" : 105}, {"吵" : 88}],

 "ㄔㄠˊ" : [{"朝" : 622}, {"潮" : 374}, {"巢" : 100}, {"嘲" : 67}],

 "ㄔㄡ" : [{"抽" : 274}],

 "ㄔㄡˇ" : [{"醜" : 107}, {"丑" : 28}, {"瞅" : 7}],

 "ㄔㄡˊ" : [{"籌" : 213}, {"仇" : 146}, {"愁" : 128}, {"酬" : 93}, {"稠" : 31}, {"綢" : 30}, {"疇" : 15}, {"讎" : 12}, {"儔" : 12}, {"躊" : 9}, {"惆" : 5}],

 "ㄔㄡˋ" : [{"臭" : 103}],

 "ㄔㄢ" : [{"攙" : 19}],

 "ㄔㄢˇ" : [{"產" : 2028}, {"鏟" : 24}, {"闡" : 18}, {"諂" : 16}, {"剗" : 7}, {"剷" : 6}],

 "ㄔㄢˊ" : [{"纏" : 61}, {"蟬" : 38}, {"禪" : 22}, {"饞" : 18}, {"蟾" : 12}, {"讒" : 12}, {"潺" : 8}, {"孱" : 4}],

 "ㄔㄢˋ" : [{"顫" : 37}, {"懺" : 7}],

 "ㄔㄣ" : [{"嗔" : 11}, {"瞋" : 5}],

 "ㄔㄣˊ" : [{"陳" : 1095}, {"沉" : 272}, {"塵" : 175}, {"晨" : 174}, {"臣" : 137}, {"辰" : 35}, {"忱" : 12}, {"沈" : 3}],

 "ㄔㄣˋ" : [{"趁" : 110}, {"襯" : 51}],

 "ㄔㄤ" : [{"昌" : 218}, {"娼" : 13}, {"猖" : 8}],

 "ㄔㄤˇ" : [{"場" : 3289}, {"廠" : 549}, {"敞" : 37}],

 "ㄔㄤˊ" : [{"常" : 2099}, {"腸" : 368}, {"嘗" : 135}, {"償" : 135}, {"嚐" : 17}, {"徜" : 6}, {"裳" : 5}, {"倘" : 2}],

 "ㄔㄤˋ" : [{"唱" : 537}, {"暢" : 100}, {"倡" : 91}, {"悵" : 11}],

 "ㄔㄥ" : [{"稱" : 875}, {"撐" : 130}, {"瞠" : 9}],

 "ㄔㄥˇ" : [{"逞" : 36}, {"騁" : 17}],

 "ㄔㄥˊ" : [{"成" : 6026}, {"程" : 1531}, {"承" : 721}, {"城" : 613}, {"誠" : 298}, {"乘" : 242}, {"呈" : 180}, {"懲" : 147}, {"澄" : 70}, {"橙" : 20}, {"埕" : 7}, {"晟" : 4}, {"丞" : 4}, {"盛" : 3}],

 "ㄔㄥˋ" : [{"秤" : 44}],

 "ㄔㄨ" : [{"出" : 7154}, {"初" : 798}, {"齣" : 16}],

 "ㄔㄨˇ" : [{"楚" : 393}, {"礎" : 206}, {"儲" : 130}, {"杵" : 14}, {"楮" : 5}, {"褚" : 3}],

 "ㄔㄨˊ" : [{"除" : 1292}, {"廚" : 105}, {"櫥" : 31}, {"雛" : 28}, {"芻" : 19}, {"鋤" : 15}, {"躇" : 11}, {"蜍" : 5}],

 "ㄔㄨˋ" : [{"處" : 1832}, {"觸" : 295}, {"畜" : 53}, {"黜" : 25}, {"絀" : 14}, {"怵" : 10}],

 "ㄔㄨㄛ" : [{"戳" : 28}, {"踔" : 7}],

 "ㄔㄨㄛˋ" : [{"綽" : 27}, {"輟" : 19}, {"啜" : 10}, {"歠" : 7}, {"齪" : 6}],

 "ㄔㄨㄞ" : [{"揣" : 23}],

 "ㄔㄨㄞˇ" : [{"揣" : 12}],

 "ㄔㄨㄞˋ" : [{"啜" : 7}, {"踹" : 4}],

 "ㄔㄨㄟ" : [{"吹" : 201}, {"炊" : 38}],

 "ㄔㄨㄟˊ" : [{"垂" : 154}, {"椎" : 45}, {"錘" : 38}, {"槌" : 23}, {"捶" : 19}, {"搥" : 5}],

 "ㄔㄨㄢ" : [{"川" : 1302}, {"穿" : 417}],

 "ㄔㄨㄢˇ" : [{"喘" : 94}],

 "ㄔㄨㄢˊ" : [{"傳" : 1367}, {"船" : 357}, {"椽" : 11}],

 "ㄔㄨㄢˋ" : [{"串" : 144}],

 "ㄔㄨㄣ" : [{"春" : 529}, {"椿" : 9}],

 "ㄔㄨㄣˇ" : [{"蠢" : 51}],

 "ㄔㄨㄣˊ" : [{"純" : 204}, {"唇" : 112}, {"鶉" : 111}, {"醇" : 83}, {"淳" : 38}],

 "ㄔㄨㄤ" : [{"窗" : 168}, {"瘡" : 50}],

 "ㄔㄨㄤˇ" : [{"闖" : 81}],

 "ㄔㄨㄤˊ" : [{"床" : 320}, {"幢" : 6}],

 "ㄔㄨㄤˋ" : [{"創" : 852}, {"愴" : 7}],

 "ㄔㄨㄥ" : [{"衝" : 516}, {"充" : 400}, {"沖" : 125}, {"忡" : 15}, {"憧" : 9}, {"舂" : 4}],

 "ㄔㄨㄥˇ" : [{"寵" : 230}],

 "ㄔㄨㄥˊ" : [{"重" : 481}, {"蟲" : 314}, {"崇" : 93}],

 "ㄕ" : [{"師" : 1599}, {"失" : 1327}, {"施" : 773}, {"詩" : 232}, {"屍" : 124}, {"濕" : 119}, {"獅" : 60}, {"虱" : 34}, {"溼" : 20}],

 "ㄕˇ" : [{"使" : 1509}, {"始" : 1142}, {"史" : 776}, {"駛" : 133}, {"矢" : 53}, {"屎" : 35}, {"豕" : 24}],

 "ㄕˊ" : [{"時" : 7431}, {"實" : 3655}, {"十" : 1736}, {"食" : 1528}, {"識" : 918}, {"石" : 851}, {"拾" : 91}, {"蝕" : 45}, {"什" : 9}],

 "ㄕˋ" : [{"是" : 21600}, {"事" : 5428}, {"市" : 2729}, {"世" : 1878}, {"式" : 1646}, {"示" : 1642}, {"視" : 1598}, {"勢" : 1188}, {"士" : 1029}, {"試" : 802}, {"室" : 620}, {"適" : 580}, {"似" : 415}, {"釋" : 357}, {"飾" : 218}, {"誓" : 112}, {"逝" : 66}, {"氏" : 53}, {"侍" : 50}, {"拭" : 32}, {"噬" : 30}, {"嗜" : 28}, {"恃" : 28}, {"仕" : 19}, {"舐" : 11}, {"螫" : 9}, {"柿" : 9}, {"弑" : 6}, {"咶" : 2}],

 "ㄕ˙" : [{"匙" : 39}],

 "ㄕㄚ" : [{"殺" : 521}, {"沙" : 438}, {"莎" : 76}, {"砂" : 74}, {"紗" : 72}, {"鯊" : 50}, {"煞" : 45}, {"剎" : 16}, {"鎩" : 8}, {"刹" : 8}, {"杉" : 5}],

 "ㄕㄚˇ" : [{"傻" : 136}],

 "ㄕㄚˋ" : [{"廈" : 64}, {"啥" : 33}, {"煞" : 8}, {"霎" : 8}, {"歃" : 5}],

 "ㄕㄜ" : [{"奢" : 59}, {"賒" : 12}],

 "ㄕㄜˇ" : [{"捨" : 143}, {"舍" : 121}],

 "ㄕㄜˊ" : [{"舌" : 245}, {"蛇" : 194}, {"折" : 32}],

 "ㄕㄜˋ" : [{"社" : 2604}, {"設" : 1136}, {"射" : 414}, {"攝" : 282}, {"涉" : 274}, {"舍" : 34}, {"赦" : 26}, {"懾" : 22}],

 "ㄕㄞ" : [{"篩" : 52}],

 "ㄕㄞˇ" : [{"色" : 4}],

 "ㄕㄞˋ" : [{"曬" : 70}],

 "ㄕㄠ" : [{"燒" : 262}, {"稍" : 154}, {"梢" : 20}, {"筲" : 11}, {"捎" : 10}],

 "ㄕㄠˇ" : [{"少" : 1638}],

 "ㄕㄠˊ" : [{"勺" : 18}, {"韶" : 14}, {"芍" : 6}],

 "ㄕㄠˋ" : [{"少" : 161}, {"紹" : 99}, {"哨" : 50}, {"邵" : 7}, {"稍" : 3}],

 "ㄕㄡ" : [{"收" : 1094}],

 "ㄕㄡˇ" : [{"手" : 3533}, {"首" : 1236}, {"守" : 489}],

 "ㄕㄡˋ" : [{"受" : 2121}, {"授" : 578}, {"售" : 324}, {"壽" : 171}, {"獸" : 141}, {"瘦" : 121}, {"狩" : 19}, {"綬" : 7}],

 "ㄕㄢ" : [{"山" : 1492}, {"衫" : 66}, {"刪" : 51}, {"珊" : 49}, {"杉" : 40}, {"柵" : 28}, {"煽" : 22}, {"膻" : 12}, {"搧" : 9}, {"苫" : 7}, {"跚" : 7}, {"姍" : 5}, {"扇" : 2}],

 "ㄕㄢˇ" : [{"閃" : 125}, {"陝" : 13}],

 "ㄕㄢˋ" : [{"善" : 770}, {"扇" : 75}, {"擅" : 48}, {"膳" : 21}, {"贍" : 10}, {"訕" : 9}, {"繕" : 9}, {"苫" : 2}],

 "ㄕㄣ" : [{"身" : 2264}, {"深" : 1163}, {"伸" : 323}, {"申" : 220}, {"紳" : 21}, {"呻" : 8}, {"莘" : 5}, {"信" : 2}],

 "ㄕㄣˇ" : [{"審" : 460}, {"沈" : 119}, {"瀋" : 23}, {"嬸" : 23}],

 "ㄕㄣˊ" : [{"什" : 1667}, {"神" : 1449}, {"甚" : 146}],

 "ㄕㄣˋ" : [{"甚" : 774}, {"慎" : 132}, {"腎" : 72}, {"滲" : 40}],

 "ㄕㄤ" : [{"商" : 1477}, {"傷" : 744}, {"觴" : 8}],

 "ㄕㄤˇ" : [{"賞" : 250}, {"上" : 14}, {"晌" : 10}],

 "ㄕㄤˋ" : [{"上" : 8123}, {"尚" : 272}],

 "ㄕㄤ˙" : [{"裳" : 21}],

 "ㄕㄥ" : [{"生" : 6862}, {"聲" : 2350}, {"升" : 706}, {"牲" : 87}, {"昇" : 25}, {"笙" : 9}, {"甥" : 9}],

 "ㄕㄥˇ" : [{"省" : 320}],

 "ㄕㄥˊ" : [{"繩" : 138}],

 "ㄕㄥˋ" : [{"勝" : 551}, {"盛" : 308}, {"聖" : 257}, {"剩" : 196}, {"乘" : 2}],

 "ㄕㄨ" : [{"書" : 1795}, {"輸" : 354}, {"殊" : 202}, {"疏" : 148}, {"舒" : 143}, {"蔬" : 77}, {"叔" : 72}, {"淑" : 62}, {"樞" : 42}, {"梳" : 32}, {"抒" : 22}, {"菽" : 12}, {"紓" : 8}, {"倏" : 6}],

 "ㄕㄨˇ" : [{"屬" : 631}, {"署" : 457}, {"鼠" : 204}, {"薯" : 68}, {"暑" : 54}, {"蜀" : 22}, {"黍" : 18}, {"曙" : 18}],

 "ㄕㄨˊ" : [{"熟" : 408}, {"贖" : 36}, {"孰" : 22}],

 "ㄕㄨˋ" : [{"數" : 2055}, {"術" : 933}, {"樹" : 477}, {"束" : 400}, {"述" : 328}, {"豎" : 63}, {"恕" : 26}, {"漱" : 18}, {"庶" : 18}, {"鉥" : 10}, {"墅" : 8}, {"戍" : 6}, {"嗽" : 2}],

 "ㄕㄨㄚ" : [{"刷" : 133}],

 "ㄕㄨㄚˇ" : [{"耍" : 55}],

 "ㄕㄨㄚˋ" : [{"刷" : 2}],

 "ㄕㄨㄛ" : [{"說" : 5966}, {"説" : 37}],

 "ㄕㄨㄛˋ" : [{"碩" : 119}, {"爍" : 16}, {"鑠" : 16}, {"朔" : 14}, {"妁" : 7}],

 "ㄕㄨㄞ" : [{"衰" : 125}, {"摔" : 48}],

 "ㄕㄨㄞˇ" : [{"甩" : 31}],

 "ㄕㄨㄞˋ" : [{"帥" : 84}, {"率" : 56}],

 "ㄕㄨㄟˇ" : [{"水" : 2678}],

 "ㄕㄨㄟˊ" : [{"誰" : 435}],

 "ㄕㄨㄟˋ" : [{"稅" : 752}, {"睡" : 333}],

 "ㄕㄨㄢ" : [{"栓" : 36}, {"拴" : 12}, {"閂" : 11}],

 "ㄕㄨㄣˇ" : [{"吮" : 9}],

 "ㄕㄨㄣˋ" : [{"順" : 540}, {"瞬" : 71}, {"舜" : 12}],

 "ㄕㄨㄤ" : [{"雙" : 887}, {"霜" : 115}, {"孀" : 9}],

 "ㄕㄨㄤˇ" : [{"爽" : 122}],

 "ㄖˋ" : [{"日" : 4811}],

 "ㄖㄜˇ" : [{"惹" : 97}],

 "ㄖㄜˋ" : [{"熱" : 986}],

 "ㄖㄠˇ" : [{"擾" : 207}],

 "ㄖㄠˊ" : [{"饒" : 36}, {"橈" : 5}, {"嬈" : 4}],

 "ㄖㄠˋ" : [{"繞" : 130}],

 "ㄖㄡˊ" : [{"柔" : 125}, {"揉" : 45}, {"蹂" : 6}],

 "ㄖㄡˋ" : [{"肉" : 818}],

 "ㄖㄢˇ" : [{"染" : 358}, {"冉" : 5}],

 "ㄖㄢˊ" : [{"然" : 4140}, {"燃" : 167}, {"髯" : 7}],

 "ㄖㄣˇ" : [{"忍" : 287}, {"稔" : 26}, {"荏" : 6}],

 "ㄖㄣˊ" : [{"人" : 16450}, {"仁" : 302}, {"壬" : 6}],

 "ㄖㄣˋ" : [{"任" : 2808}, {"認" : 1902}, {"刃" : 43}, {"韌" : 18}, {"紉" : 9}, {"飪" : 7}, {"妊" : 6}],

 "ㄖㄤ" : [{"嚷" : 3}],

 "ㄖㄤˇ" : [{"壤" : 69}, {"攘" : 33}, {"嚷" : 21}],

 "ㄖㄤˊ" : [{"穰" : 8}],

 "ㄖㄤˋ" : [{"讓" : 3149}],

 "ㄖㄥ" : [{"扔" : 29}],

 "ㄖㄥˊ" : [{"仍" : 723}],

 "ㄖㄨˇ" : [{"乳" : 182}, {"辱" : 139}, {"汝" : 16}, {"擩" : 2}],

 "ㄖㄨˊ" : [{"如" : 4646}, {"儒" : 63}, {"茹" : 28}, {"濡" : 16}, {"蠕" : 13}, {"孺" : 11}],

 "ㄖㄨˋ" : [{"入" : 2175}, {"褥" : 19}, {"縟" : 8}],

 "ㄖㄨㄛˋ" : [{"若" : 991}, {"弱" : 404}],

 "ㄖㄨㄟˇ" : [{"蕊" : 24}],

 "ㄖㄨㄟˋ" : [{"瑞" : 169}, {"銳" : 86}, {"叡" : 41}, {"睿" : 16}, {"枘" : 11}],

 "ㄖㄨㄢˇ" : [{"軟" : 444}, {"阮" : 31}],

 "ㄖㄨㄣˋ" : [{"潤" : 103}, {"閏" : 6}],

 "ㄖㄨㄥ" : [{"茸" : 10}],

 "ㄖㄨㄥˇ" : [{"冗" : 18}],

 "ㄖㄨㄥˊ" : [{"容" : 1700}, {"榮" : 347}, {"融" : 276}, {"溶" : 81}, {"絨" : 61}, {"蓉" : 27}, {"熔" : 27}, {"戎" : 23}, {"榕" : 6}, {"茸" : 2}],

 "ㄗ" : [{"資" : 2261}, {"滋" : 129}, {"姿" : 117}, {"諮" : 91}, {"茲" : 56}, {"孜" : 39}, {"孳" : 11}, {"錙" : 9}, {"緇" : 9}, {"吱" : 2}],

 "ㄗˇ" : [{"子" : 429}, {"姊" : 158}, {"紫" : 135}, {"籽" : 14}, {"梓" : 11}, {"滓" : 7}, {"仔" : 4}],

 "ㄗˋ" : [{"自" : 6601}, {"字" : 1791}, {"漬" : 37}, {"恣" : 29}, {"眥" : 14}],

 "ㄗ˙" : [{"子" : 5165}],

 "ㄗㄚ" : [{"紮" : 63}, {"咂" : 10}, {"匝" : 8}],

 "ㄗㄚˇ" : [{"咋" : 8}],

 "ㄗㄚˊ" : [{"雜" : 409}, {"砸" : 31}, {"咱" : 2}],

 "ㄗㄜˊ" : [{"則" : 1558}, {"責" : 736}, {"擇" : 689}, {"澤" : 168}, {"嘖" : 28}, {"咋" : 3}],

 "ㄗㄜˋ" : [{"昃" : 9}],

 "ㄗㄞ" : [{"災" : 319}, {"栽" : 63}, {"哉" : 39}],

 "ㄗㄞˇ" : [{"仔" : 145}, {"載" : 101}, {"宰" : 45}],

 "ㄗㄞˋ" : [{"在" : 14719}, {"再" : 2261}, {"載" : 346}],

 "ㄗㄟˊ" : [{"賊" : 85}],

 "ㄗㄠ" : [{"遭" : 454}, {"糟" : 97}],

 "ㄗㄠˇ" : [{"早" : 941}, {"澡" : 47}, {"棗" : 40}, {"藻" : 36}, {"蚤" : 11}],

 "ㄗㄠˊ" : [{"鑿" : 73}],

 "ㄗㄠˋ" : [{"造" : 1250}, {"躁" : 59}, {"灶" : 43}, {"燥" : 40}, {"皂" : 39}, {"噪" : 15}, {"皁" : 8}],

 "ㄗㄡ" : [{"鄒" : 20}],

 "ㄗㄡˇ" : [{"走" : 1458}],

 "ㄗㄡˋ" : [{"奏" : 103}, {"揍" : 8}],

 "ㄗㄢ" : [{"簪" : 26}],

 "ㄗㄢˇ" : [{"攢" : 30}],

 "ㄗㄢˊ" : [{"咱" : 11}],

 "ㄗㄢˋ" : [{"暫" : 168}, {"讚" : 152}, {"贊" : 97}],

 "ㄗㄣˇ" : [{"怎" : 785}],

 "ㄗㄤ" : [{"髒" : 63}, {"贓" : 41}, {"臧" : 6}],

 "ㄗㄤˋ" : [{"臟" : 126}, {"藏" : 81}, {"葬" : 64}],

 "ㄗㄥ" : [{"增" : 701}, {"憎" : 10}, {"曾" : 7}],

 "ㄗㄥˋ" : [{"贈" : 87}, {"甑" : 7}],

 "ㄗㄨ" : [{"租" : 207}],

 "ㄗㄨˇ" : [{"組" : 1051}, {"阻" : 245}, {"祖" : 236}, {"俎" : 12}, {"詛" : 9}],

 "ㄗㄨˊ" : [{"足" : 1110}, {"族" : 685}, {"卒" : 46}, {"鏃" : 5}],

 "ㄗㄨㄛ" : [{"作" : 4}],

 "ㄗㄨㄛˇ" : [{"左" : 385}, {"佐" : 59}],

 "ㄗㄨㄛˊ" : [{"昨" : 224}, {"琢" : 11}],

 "ㄗㄨㄛˋ" : [{"作" : 5063}, {"做" : 2150}, {"坐" : 430}, {"座" : 422}],

 "ㄗㄨㄟˇ" : [{"嘴" : 363}],

 "ㄗㄨㄟˋ" : [{"最" : 3688}, {"罪" : 437}, {"醉" : 151}, {"蕞" : 6}],

 "ㄗㄨㄢ" : [{"鑽" : 115}],

 "ㄗㄨㄢˇ" : [{"纂" : 9}],

 "ㄗㄨㄣ" : [{"尊" : 333}, {"遵" : 93}, {"樽" : 8}],

 "ㄗㄨㄥ" : [{"宗" : 277}, {"綜" : 183}, {"蹤" : 166}, {"棕" : 22}, {"鬃" : 6}],

 "ㄗㄨㄥˇ" : [{"總" : 2979}],

 "ㄗㄨㄥˋ" : [{"縱" : 165}, {"粽" : 6}],

 "ㄘ" : [{"疵" : 41}, {"差" : 5}],

 "ㄘˇ" : [{"此" : 2837}],

 "ㄘˊ" : [{"詞" : 558}, {"辭" : 371}, {"慈" : 145}, {"磁" : 139}, {"瓷" : 60}, {"雌" : 42}, {"祠" : 16}, {"茨" : 8}],

 "ㄘˋ" : [{"次" : 2561}, {"刺" : 286}, {"賜" : 35}, {"伺" : 34}],

 "ㄘㄚ" : [{"擦" : 159}],

 "ㄘㄜˋ" : [{"策" : 1213}, {"測" : 427}, {"側" : 175}, {"冊" : 125}, {"廁" : 45}, {"惻" : 9}],

 "ㄘㄞ" : [{"猜" : 109}],

 "ㄘㄞˇ" : [{"採" : 522}, {"彩" : 293}, {"采" : 125}, {"踩" : 58}, {"睬" : 9}, {"綵" : 7}],

 "ㄘㄞˊ" : [{"才" : 2100}, {"財" : 590}, {"材" : 479}, {"裁" : 381}],

 "ㄘㄞˋ" : [{"蔡" : 1080}, {"菜" : 447}, {"采" : 3}],

 "ㄘㄠ" : [{"操" : 327}, {"糙" : 17}],

 "ㄘㄠˇ" : [{"草" : 600}],

 "ㄘㄠˊ" : [{"槽" : 107}, {"曹" : 23}, {"嘈" : 7}],

 "ㄘㄡˋ" : [{"湊" : 69}, {"輳" : 6}],

 "ㄘㄢ" : [{"參" : 1131}, {"餐" : 659}, {"飡" : 9}, {"驂" : 7}],

 "ㄘㄢˇ" : [{"慘" : 183}],

 "ㄘㄢˊ" : [{"殘" : 267}, {"蠶" : 32}, {"慚" : 22}],

 "ㄘㄢˋ" : [{"燦" : 46}, {"摻" : 20}, {"璨" : 8}],

 "ㄘㄣˊ" : [{"岑" : 22}, {"涔" : 5}],

 "ㄘㄤ" : [{"倉" : 80}, {"蒼" : 80}, {"艙" : 63}, {"滄" : 35}],

 "ㄘㄤˊ" : [{"藏" : 348}],

 "ㄘㄥ" : [{"噌" : 5}],

 "ㄘㄥˊ" : [{"曾" : 868}, {"層" : 744}],

 "ㄘㄥˋ" : [{"蹭" : 7}],

 "ㄘㄨ" : [{"粗" : 191}],

 "ㄘㄨˋ" : [{"促" : 257}, {"醋" : 62}, {"猝" : 37}, {"簇" : 23}, {"蹙" : 16}, {"蹴" : 9}],

 "ㄘㄨㄛ" : [{"搓" : 32}, {"磋" : 20}, {"撮" : 18}, {"蹉" : 12}],

 "ㄘㄨㄛˋ" : [{"錯" : 752}, {"措" : 342}, {"挫" : 121}, {"厝" : 18}, {"剉" : 9}, {"銼" : 6}],

 "ㄘㄨㄟ" : [{"催" : 102}, {"摧" : 68}, {"崔" : 17}, {"榱" : 8}],

 "ㄘㄨㄟˇ" : [{"璀" : 8}],

 "ㄘㄨㄟˋ" : [{"粹" : 136}, {"脆" : 105}, {"翠" : 65}, {"萃" : 24}, {"瘁" : 15}, {"悴" : 11}, {"淬" : 6}, {"啐" : 3}],

 "ㄘㄨㄢ" : [{"攛" : 7}],

 "ㄘㄨㄢˋ" : [{"竄" : 69}, {"篡" : 13}, {"爨" : 10}],

 "ㄘㄨㄣ" : [{"村" : 217}, {"踆" : 2}],

 "ㄘㄨㄣˇ" : [{"忖" : 7}],

 "ㄘㄨㄣˊ" : [{"存" : 793}],

 "ㄘㄨㄣˋ" : [{"寸" : 169}, {"吋" : 16}],

 "ㄘㄨㄥ" : [{"聰" : 105}, {"匆" : 62}, {"蔥" : 49}, {"囪" : 8}],

 "ㄘㄨㄥˊ" : [{"從" : 2535}, {"叢" : 78}],

 "ㄙ" : [{"司" : 1421}, {"思" : 1025}, {"斯" : 743}, {"絲" : 464}, {"私" : 446}, {"撕" : 63}, {"廝" : 38}, {"嘶" : 23}],

 "ㄙˇ" : [{"死" : 1362}],

 "ㄙˋ" : [{"四" : 1202}, {"似" : 367}, {"飼" : 216}, {"肆" : 74}, {"寺" : 33}, {"駟" : 19}, {"嗣" : 18}, {"泗" : 15}, {"祀" : 10}, {"伺" : 9}, {"俟" : 2}],

 "ㄙㄚ" : [{"撒" : 137}],

 "ㄙㄚˇ" : [{"灑" : 85}, {"撒" : 5}, {"纚" : 3}],

 "ㄙㄚˋ" : [{"薩" : 126}, {"颯" : 10}],

 "ㄙㄜˋ" : [{"色" : 1620}, {"塞" : 64}, {"瑟" : 43}, {"澀" : 31}, {"嗇" : 10}, {"穡" : 6}],

 "ㄙㄞ" : [{"塞" : 190}, {"腮" : 32}, {"鰓" : 6}, {"思" : 2}],

 "ㄙㄞˋ" : [{"賽" : 549}, {"塞" : 14}],

 "ㄙㄠ" : [{"騷" : 82}, {"搔" : 23}],

 "ㄙㄠˇ" : [{"掃" : 168}, {"嫂" : 24}],

 "ㄙㄡ" : [{"搜" : 107}, {"艘" : 30}, {"蒐" : 29}, {"颼" : 16}, {"嗖" : 5}, {"溲" : 5}],

 "ㄙㄡˇ" : [{"藪" : 8}, {"叟" : 7}, {"擻" : 6}],

 "ㄙㄡˋ" : [{"嗽" : 7}],

 "ㄙㄢ" : [{"三" : 2713}],

 "ㄙㄢˇ" : [{"傘" : 50}, {"散" : 49}],

 "ㄙㄢˋ" : [{"散" : 372}],

 "ㄙㄣ" : [{"森" : 192}],

 "ㄙㄤ" : [{"桑" : 176}],

 "ㄙㄤˇ" : [{"嗓" : 21}],

 "ㄙㄤˋ" : [{"喪" : 216}],

 "ㄙㄥ" : [{"僧" : 34}],

 "ㄙㄨ" : [{"蘇" : 312}, {"酥" : 52}, {"穌" : 17}, {"甦" : 12}],

 "ㄙㄨˊ" : [{"俗" : 345}],

 "ㄙㄨˋ" : [{"訴" : 635}, {"素" : 612}, {"速" : 575}, {"塑" : 213}, {"宿" : 143}, {"肅" : 77}, {"溯" : 46}, {"粟" : 34}, {"夙" : 19}, {"簌" : 8}],

 "ㄙㄨㄛ" : [{"縮" : 334}, {"梭" : 41}, {"唆" : 11}, {"蓑" : 7}, {"娑" : 4}],

 "ㄙㄨㄛˇ" : [{"所" : 4169}, {"索" : 316}, {"鎖" : 182}, {"瑣" : 35}],

 "ㄙㄨㄛ˙" : [{"嗦" : 17}],

 "ㄙㄨㄟ" : [{"雖" : 860}, {"綏" : 9}, {"睢" : 4}, {"尿" : 2}],

 "ㄙㄨㄟˇ" : [{"髓" : 81}],

 "ㄙㄨㄟˊ" : [{"隨" : 803}, {"隋" : 12}, {"遂" : 7}],

 "ㄙㄨㄟˋ" : [{"歲" : 709}, {"碎" : 216}, {"遂" : 70}, {"穗" : 27}, {"祟" : 14}, {"隧" : 9}, {"邃" : 8}, {"嵗" : 7}],

 "ㄙㄨㄢ" : [{"酸" : 445}],

 "ㄙㄨㄢˋ" : [{"算" : 999}, {"蒜" : 32}],

 "ㄙㄨㄣ" : [{"孫" : 171}, {"飧" : 12}, {"猻" : 6}],

 "ㄙㄨㄣˇ" : [{"損" : 343}, {"筍" : 19}, {"榫" : 6}],

 "ㄙㄨㄥ" : [{"鬆" : 234}, {"松" : 150}, {"淞" : 16}, {"崧" : 11}, {"忪" : 5}],

 "ㄙㄨㄥˇ" : [{"聳" : 29}, {"悚" : 7}],

 "ㄙㄨㄥˋ" : [{"送" : 688}, {"宋" : 108}, {"訟" : 105}, {"誦" : 45}, {"頌" : 41}],

 "ㄚ" : [{"阿" : 838}],

 "ㄚ˙" : [{"啊" : 293}],

 "ㄛ" : [{"喔" : 105}],

 "ㄛˊ" : [{"哦" : 25}],

 "ㄜ" : [{"阿" : 39}],

 "ㄜˇ" : [{"噁" : 21}],

 "ㄜˊ" : [{"額" : 388}, {"俄" : 194}, {"鵝" : 39}, {"訛" : 25}, {"蛾" : 24}, {"峨" : 11}],

 "ㄜˋ" : [{"惡" : 682}, {"餓" : 88}, {"扼" : 34}, {"遏" : 27}, {"噩" : 27}, {"厄" : 21}, {"顎" : 18}, {"愕" : 15}, {"諤" : 13}, {"堊" : 8}, {"萼" : 7}, {"鱷" : 6}, {"鶚" : 6}],

 "ㄞ" : [{"哀" : 157}, {"挨" : 67}, {"唉" : 25}, {"埃" : 24}, {"哎" : 10}, {"欸" : 5}],

 "ㄞˇ" : [{"矮" : 51}, {"藹" : 9}, {"靄" : 7}],

 "ㄞˊ" : [{"癌" : 213}, {"捱" : 9}, {"皚" : 7}, {"挨" : 6}, {"騃" : 4}, {"呆" : 2}],

 "ㄞˋ" : [{"愛" : 1298}, {"礙" : 171}, {"艾" : 61}, {"隘" : 14}, {"曖" : 14}, {"閡" : 8}],

 "ㄠ" : [{"凹" : 51}],

 "ㄠˇ" : [{"拗" : 21}, {"襖" : 6}],

 "ㄠˊ" : [{"熬" : 66}, {"敖" : 11}, {"翱" : 10}, {"鼇" : 9}, {"聱" : 9}, {"嗷" : 8}, {"鏖" : 5}],

 "ㄠˋ" : [{"澳" : 296}, {"奧" : 264}, {"傲" : 142}, {"懊" : 12}, {"驁" : 8}, {"拗" : 4}],

 "ㄡ" : [{"歐" : 750}, {"毆" : 25}, {"鷗" : 12}, {"漚" : 6}, {"甌" : 5}],

 "ㄡˇ" : [{"偶" : 183}, {"嘔" : 34}, {"藕" : 10}],

 "ㄢ" : [{"安" : 2316}, {"鵪" : 102}, {"鞍" : 33}, {"氨" : 17}, {"諳" : 15}, {"庵" : 7}],

 "ㄢˇ" : [{"銨" : 14}, {"俺" : 11}],

 "ㄢˋ" : [{"案" : 1628}, {"岸" : 803}, {"暗" : 339}, {"按" : 335}, {"胺" : 43}, {"黯" : 18}, {"闇" : 3}],

 "ㄣ" : [{"恩" : 514}],

 "ㄣˊ" : [{"嗯" : 29}],

 "ㄤˊ" : [{"昂" : 81}],

 "ㄤˋ" : [{"盎" : 15}],

 "ㄦˇ" : [{"爾" : 682}, {"耳" : 526}, {"餌" : 21}, {"邇" : 19}, {"珥" : 7}],

 "ㄦˊ" : [{"而" : 5670}, {"兒" : 1565}],

 "ㄦˋ" : [{"二" : 1934}, {"貳" : 6}],

 "ㄧ" : [{"一" : 17189}, {"醫" : 1437}, {"依" : 831}, {"衣" : 625}, {"伊" : 208}, {"壹" : 32}, {"揖" : 16}, {"漪" : 7}],

 "ㄧˇ" : [{"以" : 8032}, {"已" : 2391}, {"椅" : 92}, {"乙" : 87}, {"倚" : 83}, {"蟻" : 78}, {"矣" : 38}],

 "ㄧˊ" : [{"一" : 1063}, {"疑" : 700}, {"移" : 634}, {"遺" : 474}, {"宜" : 340}, {"儀" : 289}, {"怡" : 88}, {"姨" : 73}, {"夷" : 64}, {"頤" : 30}, {"貽" : 28}, {"胰" : 22}, {"飴" : 15}, {"沂" : 11}, {"咦" : 7}, {"痍" : 6}, {"彝" : 6}, {"迤" : 5}, {"詒" : 4}, {"蛇" : 3}],

 "ㄧˋ" : [{"意" : 4306}, {"議" : 2522}, {"義" : 1765}, {"易" : 1559}, {"一" : 1493}, {"益" : 766}, {"異" : 672}, {"藝" : 548}, {"億" : 442}, {"亦" : 265}, {"憶" : 180}, {"譯" : 179}, {"役" : 160}, {"翼" : 137}, {"抑" : 117}, {"逸" : 111}, {"疫" : 97}, {"溢" : 70}, {"誼" : 67}, {"裔" : 65}, {"毅" : 63}, {"奕" : 29}, {"繹" : 26}, {"衣" : 24}, {"弈" : 20}, {"挹" : 20}, {"軼" : 19}, {"屹" : 17}, {"臆" : 17}, {"邑" : 14}, {"驛" : 12}, {"弋" : 11}, {"佚" : 10}, {"蜴" : 9}, {"鎰" : 8}, {"囈" : 8}, {"薏" : 8}, {"悒" : 6}, {"懿" : 6}, {"艾" : 6}],

 "ㄧㄚ" : [{"壓" : 948}, {"押" : 72}, {"鴨" : 59}, {"鴉" : 29}, {"呀" : 17}, {"丫" : 10}],

 "ㄧㄚˇ" : [{"雅" : 269}, {"啞" : 60}],

 "ㄧㄚˊ" : [{"牙" : 590}, {"涯" : 116}, {"芽" : 49}, {"崖" : 22}, {"衙" : 10}, {"睚" : 8}, {"雅" : 2}],

 "ㄧㄚˋ" : [{"亞" : 975}, {"訝" : 35}, {"軋" : 30}],

 "ㄧㄚ˙" : [{"呀" : 51}],

 "ㄧㄛ" : [{"唷" : 19}, {"喲" : 6}],

 "ㄧㄝ" : [{"噎" : 19}, {"椰" : 14}],

 "ㄧㄝˇ" : [{"也" : 6887}, {"野" : 472}, {"冶" : 31}, {"吔" : 6}],

 "ㄧㄝˊ" : [{"爺" : 172}, {"耶" : 148}],

 "ㄧㄝˋ" : [{"業" : 3829}, {"夜" : 608}, {"葉" : 338}, {"液" : 194}, {"頁" : 175}, {"曳" : 31}, {"腋" : 19}, {"咽" : 16}, {"謁" : 6}, {"射" : 2}],

 "ㄧㄠ" : [{"要" : 455}, {"邀" : 251}, {"腰" : 159}, {"妖" : 76}, {"夭" : 28}, {"吆" : 8}, {"么" : 2}],

 "ㄧㄠˇ" : [{"咬" : 131}, {"杳" : 23}, {"窈" : 6}, {"舀" : 6}],

 "ㄧㄠˊ" : [{"搖" : 313}, {"遙" : 100}, {"謠" : 49}, {"姚" : 35}, {"窯" : 25}, {"瑤" : 24}, {"堯" : 19}, {"肴" : 10}],

 "ㄧㄠˋ" : [{"要" : 7373}, {"藥" : 594}, {"耀" : 96}, {"鑰" : 31}, {"曜" : 7}, {"鷂" : 7}],

 "ㄧㄡ" : [{"優" : 670}, {"憂" : 288}, {"幽" : 107}, {"悠" : 68}, {"攸" : 28}],

 "ㄧㄡˇ" : [{"有" : 16532}, {"友" : 1753}, {"黝" : 12}, {"莠" : 11}, {"牖" : 11}, {"酉" : 9}],

 "ㄧㄡˊ" : [{"由" : 2081}, {"遊" : 839}, {"油" : 717}, {"尤" : 257}, {"猶" : 196}, {"游" : 140}, {"郵" : 137}, {"魷" : 10}, {"疣" : 8}, {"蕕" : 7}, {"柚" : 2}],

 "ㄧㄡˋ" : [{"又" : 1515}, {"右" : 344}, {"幼" : 257}, {"誘" : 135}, {"佑" : 40}, {"柚" : 18}, {"宥" : 12}, {"祐" : 10}, {"釉" : 9}, {"囿" : 7}, {"褎" : 2}],

 "ㄧㄢ" : [{"煙" : 297}, {"菸" : 58}, {"醃" : 39}, {"焉" : 35}, {"淹" : 30}, {"咽" : 17}, {"湮" : 8}, {"嫣" : 7}, {"閹" : 7}, {"燕" : 7}, {"懨" : 5}],

 "ㄧㄢˇ" : [{"眼" : 1344}, {"演" : 1091}, {"掩" : 115}, {"衍" : 58}, {"偃" : 38}, {"儼" : 20}, {"奄" : 16}, {"魘" : 13}],

 "ㄧㄢˊ" : [{"言" : 2392}, {"研" : 800}, {"嚴" : 778}, {"延" : 532}, {"鹽" : 267}, {"炎" : 244}, {"顏" : 232}, {"沿" : 111}, {"岩" : 86}, {"妍" : 31}, {"簷" : 17}, {"閻" : 10}, {"筵" : 9}, {"巖" : 6}, {"蜒" : 6}],

 "ㄧㄢˋ" : [{"驗" : 851}, {"燕" : 161}, {"厭" : 154}, {"宴" : 99}, {"豔" : 73}, {"雁" : 52}, {"焰" : 32}, {"晏" : 31}, {"咽" : 25}, {"彥" : 23}, {"諺" : 19}, {"艷" : 11}, {"讞" : 11}, {"硯" : 10}, {"堰" : 10}, {"嚥" : 8}, {"唁" : 7}, {"饜" : 6}],

 "ㄧㄣ" : [{"因" : 4024}, {"音" : 1105}, {"陰" : 217}, {"姻" : 89}, {"殷" : 54}, {"蔭" : 37}, {"茵" : 23}, {"喑" : 5}],

 "ㄧㄣˇ" : [{"引" : 1148}, {"飲" : 379}, {"隱" : 326}, {"癮" : 59}, {"蚓" : 9}, {"尹" : 8}],

 "ㄧㄣˊ" : [{"銀" : 349}, {"寅" : 171}, {"淫" : 86}, {"吟" : 57}],

 "ㄧㄣˋ" : [{"印" : 744}],

 "ㄧㄤ" : [{"央" : 423}, {"殃" : 32}, {"秧" : 14}, {"鞅" : 12}, {"泱" : 7}, {"鴦" : 6}],

 "ㄧㄤˇ" : [{"養" : 997}, {"仰" : 162}, {"氧" : 156}, {"癢" : 69}],

 "ㄧㄤˊ" : [{"洋" : 600}, {"陽" : 516}, {"揚" : 380}, {"羊" : 219}, {"楊" : 108}, {"佯" : 28}, {"瘍" : 12}, {"颺" : 6}],

 "ㄧㄤˋ" : [{"樣" : 2419}, {"恙" : 13}, {"怏" : 10}, {"烊" : 5}],

 "ㄧㄥ" : [{"應" : 2533}, {"英" : 1717}, {"鷹" : 121}, {"嬰" : 61}, {"瑛" : 43}, {"鶯" : 37}, {"櫻" : 30}, {"膺" : 25}, {"纓" : 20}, {"鸚" : 15}, {"嚶" : 6}],

 "ㄧㄥˇ" : [{"影" : 1584}, {"穎" : 51}, {"郢" : 8}, {"景" : 2}],

 "ㄧㄥˊ" : [{"迎" : 1821}, {"營" : 815}, {"贏" : 209}, {"盈" : 139}, {"螢" : 104}, {"蠅" : 57}, {"瑩" : 38}, {"縈" : 10}, {"熒" : 10}],

 "ㄧㄥˋ" : [{"映" : 420}, {"硬" : 407}],

 "ㄨ" : [{"屋" : 288}, {"烏" : 218}, {"汙" : 181}, {"污" : 165}, {"巫" : 31}, {"誣" : 17}, {"嗚" : 16}, {"鎢" : 11}],

 "ㄨˇ" : [{"五" : 1388}, {"武" : 662}, {"舞" : 407}, {"午" : 338}, {"伍" : 84}, {"侮" : 26}, {"鵡" : 15}, {"捂" : 6}, {"忤" : 5}],

 "ㄨˊ" : [{"無" : 4953}, {"吳" : 338}, {"吾" : 46}, {"毋" : 28}, {"梧" : 16}, {"蕪" : 10}, {"唔" : 3}],

 "ㄨˋ" : [{"物" : 3081}, {"務" : 1794}, {"誤" : 350}, {"霧" : 136}, {"悟" : 87}, {"勿" : 86}, {"晤" : 37}, {"兀" : 18}, {"塢" : 15}, {"戊" : 15}, {"鶩" : 13}, {"騖" : 10}],

 "ㄨㄚ" : [{"挖" : 109}, {"蛙" : 104}, {"窪" : 14}, {"哇" : 13}],

 "ㄨㄚˇ" : [{"瓦" : 271}],

 "ㄨㄚˊ" : [{"娃" : 55}],

 "ㄨㄚˋ" : [{"襪" : 45}],

 "ㄨㄚ˙" : [{"哇" : 29}],

 "ㄨㄛ" : [{"窩" : 105}, {"渦" : 40}, {"蝸" : 33}, {"倭" : 5}],

 "ㄨㄛˇ" : [{"我" : 8325}],

 "ㄨㄛˋ" : [{"握" : 281}, {"臥" : 139}, {"沃" : 32}, {"幄" : 16}, {"斡" : 11}, {"渥" : 7}, {"齷" : 6}],

 "ㄨㄞ" : [{"歪" : 72}],

 "ㄨㄞˇ" : [{"崴" : 24}],

 "ㄨㄞˋ" : [{"外" : 3914}],

 "ㄨㄟ" : [{"威" : 625}, {"微" : 564}, {"危" : 475}, {"萎" : 37}, {"偎" : 20}, {"薇" : 19}, {"巍" : 16}, {"委" : 5}],

 "ㄨㄟˇ" : [{"委" : 1457}, {"尾" : 314}, {"偉" : 269}, {"偽" : 101}, {"瑋" : 54}, {"緯" : 40}, {"娓" : 33}, {"暐" : 20}, {"葦" : 14}, {"諉" : 9}, {"韡" : 6}, {"猥" : 6}, {"萎" : 5}, {"唯" : 3}],

 "ㄨㄟˊ" : [{"維" : 699}, {"違" : 663}, {"圍" : 455}, {"唯" : 269}, {"惟" : 73}, {"帷" : 34}, {"韋" : 28}, {"桅" : 14}, {"嵬" : 5}],

 "ㄨㄟˋ" : [{"為" : 9902}, {"位" : 2369}, {"未" : 2191}, {"衛" : 578}, {"味" : 568}, {"謂" : 291}, {"慰" : 171}, {"胃" : 133}, {"爲" : 132}, {"餵" : 83}, {"畏" : 83}, {"魏" : 33}, {"渭" : 18}, {"蔚" : 17}, {"尉" : 16}, {"喂" : 10}],

 "ㄨㄢ" : [{"灣" : 3640}, {"彎" : 155}, {"剜" : 9}, {"豌" : 8}],

 "ㄨㄢˇ" : [{"晚" : 502}, {"碗" : 100}, {"挽" : 62}, {"宛" : 36}, {"婉" : 36}, {"惋" : 9}],

 "ㄨㄢˊ" : [{"完" : 1346}, {"玩" : 529}, {"丸" : 49}, {"頑" : 46}, {"烷" : 21}, {"紈" : 13}],

 "ㄨㄢˋ" : [{"萬" : 1724}, {"腕" : 45}, {"蔓" : 5}],

 "ㄨㄣ" : [{"溫" : 603}, {"塭" : 19}, {"瘟" : 14}],

 "ㄨㄣˇ" : [{"穩" : 382}, {"吻" : 57}, {"刎" : 9}, {"紊" : 7}],

 "ㄨㄣˊ" : [{"文" : 5989}, {"聞" : 1316}, {"紋" : 89}, {"雯" : 35}, {"蚊" : 26}],

 "ㄨㄣˋ" : [{"問" : 2947}, {"汶" : 15}],

 "ㄨㄤ" : [{"汪" : 72}],

 "ㄨㄤˇ" : [{"網" : 1532}, {"往" : 1089}, {"枉" : 61}, {"罔" : 30}, {"惘" : 18}],

 "ㄨㄤˊ" : [{"王" : 738}, {"亡" : 381}],

 "ㄨㄤˋ" : [{"望" : 1321}, {"忘" : 390}, {"旺" : 90}, {"妄" : 85}],

 "ㄨㄥ" : [{"翁" : 114}, {"嗡" : 17}],

 "ㄨㄥˋ" : [{"甕" : 26}],

 "ㄩ" : [{"迂" : 16}, {"淤" : 15}, {"紆" : 15}, {"瘀" : 9}],

 "ㄩˇ" : [{"與" : 5996}, {"語" : 1275}, {"雨" : 526}, {"予" : 231}, {"宇" : 156}, {"羽" : 121}, {"嶼" : 36}, {"禹" : 7}, {"齬" : 7}],

 "ㄩˊ" : [{"於" : 5298}, {"魚" : 793}, {"餘" : 429}, {"漁" : 154}, {"逾" : 102}, {"愚" : 91}, {"輿" : 87}, {"瑜" : 83}, {"娛" : 78}, {"愉" : 55}, {"余" : 52}, {"于" : 38}, {"虞" : 38}, {"榆" : 29}, {"隅" : 29}, {"渝" : 21}, {"予" : 20}, {"諛" : 15}, {"盂" : 10}, {"覦" : 8}, {"腴" : 6}, {"揄" : 6}, {"妤" : 6}, {"俞" : 5}, {"臾" : 4}],

 "ㄩˋ" : [{"育" : 1522}, {"預" : 763}, {"玉" : 526}, {"域" : 524}, {"遇" : 501}, {"彧" : 300}, {"欲" : 255}, {"愈" : 250}, {"譽" : 143}, {"籲" : 114}, {"浴" : 93}, {"獄" : 84}, {"鬱" : 83}, {"禦" : 83}, {"喻" : 63}, {"慾" : 56}, {"芋" : 56}, {"裕" : 53}, {"豫" : 51}, {"寓" : 49}, {"癒" : 44}, {"郁" : 37}, {"御" : 22}, {"鬻" : 21}, {"馭" : 20}, {"毓" : 20}, {"諭" : 18}, {"鷸" : 15}, {"鈺" : 12}, {"昱" : 9}, {"蜮" : 8}, {"飫" : 6}, {"粥" : 3}, {"熨" : 2}],

 "ㄩㄝ" : [{"約" : 1089}, {"曰" : 12}],

 "ㄩㄝˋ" : [{"月" : 3084}, {"越" : 1080}, {"閱" : 306}, {"躍" : 128}, {"悅" : 78}, {"嶽" : 23}, {"岳" : 21}, {"粵" : 16}, {"鉞" : 7}, {"刖" : 6}],

 "ㄩㄢ" : [{"冤" : 83}, {"淵" : 71}, {"鳶" : 9}, {"鴛" : 9}],

 "ㄩㄢˇ" : [{"遠" : 1028}],

 "ㄩㄢˊ" : [{"員" : 2968}, {"原" : 1913}, {"元" : 1406}, {"源" : 824}, {"園" : 813}, {"圓" : 324}, {"援" : 255}, {"緣" : 246}, {"猿" : 47}, {"垣" : 26}, {"轅" : 24}, {"袁" : 9}, {"沅" : 9}],

 "ㄩㄢˋ" : [{"院" : 2165}, {"願" : 780}, {"怨" : 328}, {"苑" : 23}, {"媛" : 11}, {"愿" : 7}],

 "ㄩㄣ" : [{"暈" : 80}],

 "ㄩㄣˇ" : [{"允" : 109}, {"隕" : 11}, {"殞" : 8}],

 "ㄩㄣˊ" : [{"雲" : 662}, {"昀" : 69}, {"云" : 38}, {"勻" : 32}, {"芸" : 16}, {"耘" : 16}, {"紜" : 15}, {"筠" : 6}],

 "ㄩㄣˋ" : [{"運" : 1620}, {"孕" : 72}, {"韻" : 64}, {"蘊" : 29}, {"醞" : 11}, {"熨" : 11}, {"韞" : 7}],

 "ㄩㄥ" : [{"擁" : 394}, {"庸" : 82}, {"傭" : 30}, {"雍" : 18}, {"癰" : 13}, {"慵" : 9}, {"壅" : 7}, {"饔" : 7}],

 "ㄩㄥˇ" : [{"永" : 418}, {"勇" : 297}, {"湧" : 83}, {"詠" : 55}, {"泳" : 53}, {"踴" : 15}, {"俑" : 11}],

 "ㄩㄥˋ" : [{"用" : 4612}]
}